fish_id,treatment,sex,date,standard_length,gonopodia_length,bw_wet,brain_wet,gills_wet,gi_wet,gonads_wet,bw_dry,gills_dry,gi_dry,gonads_dry,comments_gonads,mp_total,mp_brain,mp_gills,mp_guts,mp_gonads
1CF-Apple,Control,Female,7/2/2024,2.659,,0.9189,0.0097,0.204,0.0467,0.0354,0.2222,0.0053,0.0171,0.0079,"quantity: 4 ; eyes, head, and tail, fully developed",NA,NA,NA,NA,NA
1CM-Asparagus,Control,Male,7/2/2024,,0.656,0.1955,0.0048,0.0037,0.0107,0.0045,0.0464,0.0004,0.0039,0.001,,NA,NA,NA,NA,NA
1CF-Banana,Control,Female,7/2/2024,4.003,,,0.0112,0.025,0.0266,0.0983,0.2776,0.0055,0.0073,0.0286,"quantity: 10 ; eyes and tail were fully developed, not all gonads were fully developed (some fully grown and some not at all)",NA,NA,NA,NA,NA
1CM-Broccoli,Control,Male,7/2/2024,2.494,0.756,0.2457,0.0041,0.0043,0.0039,0.0058,0.059,0.0011,0.0011,0.0019,,NA,NA,NA,NA,NA
1CF-Cantaloupe,Control,Female,7/2/2024,3.759,,0.9309,0.009,0.0221,0.0275,0.0139,0.2198,0.0046,0.0098,0.0036,"quantity: >10 ; unfertilized, no development",NA,NA,NA,NA,NA
1HF-Argentina,High,Female,7/5/2024,3.204,,0.504,0.0106,0.007,0.0122,0.08,0.983,0.0031,0.0038,0.0162,"8; fully developed eyes, fins, tail, and body",4,0,1,1,2
1HM-Austin,High,Male,7/5/2024,,,0.0972,0.0032,0.005,0.0019,0.001,0.0186,0.0013,0.0075,0.0002,,1,0,1,NA,0
1HF-Belarus,High,Female,7/5/2024,3.429,,0.6403,0.0061,0.0235,0.0162,0.0223,0.153,0.0062,0.0045,0.0103,>10 unfertilized; no development,2,0,1,1,0
1HM-Budapest,High,Male,7/5/2024,2.334,,0.1674,0.04,0.0027,0.003,0.0055,0.0385,0.0009,0.0008,0.0019,,0,0,NA,0,0
1HF-Cuba,High,Female,7/5/2024,2.937,,0.4312,0.0064,0.0093,0.0094,0.0478,0.0871,0.0023,0.0031,0.0083,"6; eyes, tail, body developed",3,0,1,1,1
1HM-Changan,High,Male,7/5/2024,2.049,0.562,0.1039,0.0039,0.0033,0.0022,0.0021,0.0213,0.0012,0.0005,0.0005,,0,0,0,0,0
1LF-Abaddon,Low,Female,7/9/2024,3.416,,0.6355,0.0074,0.0172,0.0214,0.0054,0.1523,0.0042,0.0072,0.0019,quantity: >10 ; unfertilized,2,0,1,1,0
1LM-Asmodeus,Low,Male,7/9/2024,1.864,0.651,0.1002,0.003,0.0027,0.0016,0.0022,0.0217,0.0006,0.0005,0.0001,,0,0,0,0,NA
1LF-Baraqiel,Low,Female,7/9/2024,3.356,,0.4918,0.0075,0.0105,0.0188,0.0045,0.1108,0.0023,0.0055,0.0008,quantity: >10 ; unfertilized,0,0,0,0,0
1LM-Beelzebub,Low,Male,7/9/2024,2.116,0.694,0.1398,0.0034,0.0024,0.0017,0.0052,0.0289,0.0006,0.0006,0.0005,,1,0,0,1,0
1LF-Cassiel,Low,Female,7/9/2024,3.696,,0.7195,0.0082,0.013,0.0258,0.041,0.164,0.0022,0.009,0.0138,"quantity: yellow, 7 large",1,0,1,0,0
2CF-Astros,Control,Female,7/12/2024,3.33,,0.6296,0.0059,0.008,0.0222,0.01429,0.1628,0.0027,0.0063,0.0047,"quantity: 9 yellow, >10 white ; no development",NA,NA,NA,NA,NA
2CM-Avalanche,Control,Male,7/12/2024,2.431,0.66,0.2023,0.0033,0.0029,0.0026,0.0049,0.0446,0.0009,0.0004,0.0008,,NA,NA,NA,NA,NA
2CF-Braves,Control,Female,7/12/2024,2.286,,0.1725,0.0038,0.0025,0.0025,,0.0422,0.0005,0.0011,,,NA,NA,NA,NA,NA
2CM-Blues,Control,Male,7/12/2024,2.257,0.717,0.1782,0.003,0.0026,0.0036,0.0032,0.0444,0.0004,0.001,0.0005,,NA,NA,NA,NA,NA
2CF-Cubs,Control,Female,7/12/2024,2.93,,0.3556,0.005,0.0104,0.0074,0.0038,0.0737,0.0031,0.0022,0.001,"quantity: >10 ; white, no development",NA,NA,NA,NA,NA
2CM-Capitals,Control,Male,7/12/2024,2.228,0.643,0.1629,0.039,0.0038,0.0019,0.003,0.0367,0.0008,0.0001,,,NA,NA,NA,NA,NA
2HF-Apex,High,Female,7/16/2024,3.287,,0.4611,0.0075,0.0167,0.0143,0.0022,0.0977,0.0039,0.0033,0.0003,,1,0,1,0,0
2HM-Banjo-Kazooie,High,Male,7/16/2024,2.512,0.771,0.2354,0.0055,0.0043,0.0046,0.0056,0.0558,0.0013,0.0011,0.0007,,0,0,0,0,0
2HF-Battlefield,High,Female,7/16/2024,3.316,,0.5952,0.0064,0.0114,0.0188,0.0306,0.1431,0.0037,0.006,0.0072,"quantity: 3 yellow; >10 unfertilized eggs; eye, tail, and body development",1,0,0,1,NA
2HM-Castlevania,High,Male,7/16/2024,2.161,0.651,0.1572,0.0042,0.0044,0.0036,0.0035,0.0361,0.001,,0.0001,,3,0,2,1,0
2HF-COD,High,Female,7/16/2024,3.647,,0.7421,0.0093,0.0177,0.025,0.0095,0.18,0.0046,0.0073,0.0022,,2,0,1,1,0
2LM-Accordian,Low,Male,7/19/2024,2.328,0.717,0.3712,0.0059,0.0085,0.0068,0.0016,0.1045,0.0023,0.002,0.003,,4,1,1,1,1
2LF-Autoharp,Low,Female,7/19/2024,2.832,,0.2058,0.0048,0.0027,0.0041,0.0017,0.0553,0.0007,0.0016,0.0003,,1,0,1,0,0
2LF-Bassoon,Low,Female,7/19/2024,2.945,,0.4303,0.0072,0.01,0.0122,0.0067,0.1061,0.0027,0.0037,0.0027,,0,0,0,0,0
2LM-Bass,Low,Male,7/19/2024,2.213,0.66,0.1632,0.0027,0.0021,0.0024,0.003,0.04,0.0004,0.0008,0.0009,,2,0,1,1,NA
2LF-Clarinet,Low,Female,7/19/2024,3.737,,0.6477,0.0093,0.0203,0.0153,0.0126,0.1533,0.005,0.0043,0.0044,,2,0,NA,0,2
2LM-Cello,Low,Male,7/19/2024,2.247,0.685,0.1483,0.0035,0.0019,0.0026,0.0026,0.0338,0.006,0.001,0.0006,,3,1,2,NA,0
3CF-Armin,Control,Female,7/23/2024,3.528,,0.6799,0.0066,0.0079,0.0095,0.0432,0.158,0.0024,0.003,0.0093,"quantity: 4 fully developed (eyes, tail, and body); >10 unfertilized",NA,NA,NA,NA,NA
3CM-Avdol,Control,Male,7/23/2024,2.555,0.662,0.2107,0.0021,0.0017,0.0031,0.002,,0.0008,0.0013,0.0001,,NA,NA,NA,NA,NA
3CF-Bertholdt,Control,Female,7/23/2024,3.366,,0.4947,0.0063,0.008,0.0105,0.0024,0.1284,0.0026,0.0031,0.0009,quantity: >10 unfertilized,NA,NA,NA,NA,NA
3CM-Bruno,Control,Male,7/23/2024,2.037,0.675,0.105,0.0025,0.0011,0.0018,0.0012,0.0196,0.0001,0.0004,0.0002,,NA,NA,NA,NA,NA
3CF-Connie,Control,Female,7/23/2024,3.103,,0.4439,0.0049,0.0093,0.01,0.0329,0.0991,0.0023,0.003,0.0025,quantity: 3 offspring (2 days old) and 10+ unfertilized eggs,NA,NA,NA,NA,NA
3CM-Caesar,Control,Male,7/23/2024,2.235,0.734,0.1829,0.0042,0.0014,0.0027,0.0039,0.0434,0.0002,0.0008,0.0007,,NA,NA,NA,NA,NA
3CM-Dio,Control,Male,7/23/2024,2.436,,0.2086,0.0046,0.005,0.003,0.0054,0.0538,0.0017,0.0011,0.0007,,NA,NA,NA,NA,NA
3HM-Auburn,High,Male,7/26/2024,,,0.1365,0.0044,0.003,0.0016,0.001,0.028,0.0003,0.0004,0.0001,,0,0,0,0,0
3HM-Brown,High,Male,7/26/2024,2.329,0.73,0.1451,0.0038,0.0022,0.0016,0.0027,0.337,0.0004,0.0005,0.0005,,1,0,1,0,0
3HF-Azure,High,Female,7/26/2024,3.019,,0.4335,0.0072,0.0093,0.0124,0.0079,0.1159,0.0026,0.0049,0.002,>10 yellow and white; no development,0,0,0,0,0
3HF-Cerulean,High,Female,7/26/2024,2.855,,0.4347,0.0069,0.0105,0.0126,0.0137,0.0993,0.0025,0.0038,0.0045,>10 yellow and white; no development,2,0,1,1,0
3HF-Blue,High,Female,7/26/2024,3.329,,0.5883,0.0079,0.0099,0.013,0.066,0.1228,0.002,0.0028,0.0282,>10 yellow; no development,1,1,0,0,0
3LF-Acacia,Low,Female,7/30/2024,3.258,,0.4281,0.0071,0.0124,0.0114,0.0084,0.1013,0.0029,0.0033,0.0023,5 unfertilized; no development,3,2,0,0,1
3LF-Baobab,Low,Female,7/30/2024,3.671,,0.7602,0.0056,0.0104,0.0203,0.0226,0.1823,0.0033,0.0055,0.0062,>10 yellow and white; no development,0,0,0,0,0
3LM-Aconite,Low,Male,7/30/2024,2.221,0.68,0.1579,0.0035,0.0017,0.0025,0.0034,0.0339,0.0008,0.0011,0.0011,,0,0,0,0,0
3LM-Bluebonnet,Low,Male,7/30/2024,2.058,0.668,0.133,0.0034,0.002,0.0025,0.0011,0.0309,0.001,0.0011,0.0009,,1,0,0,1,0
3LF-Cedar,Low,Female,7/30/2024,,,0.5659,0.0074,0.0115,0.0149,0.0139,0.1405,0.0026,0.0037,0.0058,10 yellow and >10 white; no development,0,0,0,0,0
4CF-Albali,Control,Female,8/2/2024,2.729,,0.311,0.0061,0.0052,0.0075,0.0018,0.079,0.0014,0.0021,0.0012,>10 white; no development,NA,NA,NA,NA,NA
4CM-Andromeda,Control,Male,8/2/2024,2.234,0.656,0.285,0.0048,0.004,0.0073,0.0024,0.0333,0.001,0.0017,0.0012,,NA,NA,NA,NA,NA
4CF-Bellatrix,Control,Female,8/2/2024,2.653,,0.285,0.0048,0.004,0.0073,0.0024,0.0731,0.0019,0.0029,0.0006,>10 white; no development,NA,NA,NA,NA,NA
4CM-Blackeye,Control,Male,8/2/2024,2.229,0.659,0.1576,0.0036,0.0022,0.0039,0.0027,0.0389,0.0013,0.0007,0.0003,,NA,NA,NA,NA,NA
4CF-Castor,Control,Female,8/2/2024,2.958,,0.3871,0.0083,0.0067,0.0092,0.0139,0.0963,0.0018,0.0025,0.0058,6 yellow; >10 white; no development,NA,NA,NA,NA,NA
4HF-ArianaGrande,High,Female,8/6/2024,2.504,,0.2725,0.0029,0.0038,0.0078,0.002,0.0675,0.0019,0.0019,0.0011,>10 white; no development,2,0,1,1,0
4HM-ABBA,High,Male,8/6/2024,2.197,0.703,0.1469,0.0012,0.001,0.0015,0.0012,0.0297,0.0006,0.0006,0.0004,,1,0,1,0,0
4HF-Beyonce,High,Female,8/6/2024,2.982,,0.3816,0.0045,0.0045,0.0139,0.0125,0.0876,0.0012,0.0047,0.0056,6 yellow; >10 white; no development,0,0,0,0,0
4HM-Beatles,High,Male,8/6/2024,2.301,0.776,0.1625,0.0035,0.0026,0.0039,0.0017,0.0351,0.0007,0.0012,0.0001,,0,0,0,0,0
4HF-ChappellRoan,High,Female,8/6/2024,2.627,,0.2692,0.0051,0.004,0.0069,0.0268,0.0518,0.0008,0.0024,0.0061,">10 unfertilized white; 3 fully developed (eyes, body, tail)",0,0,0,0,0
4HM-Coldplay,High,Male,8/6/2024,2.731,0.833,0.2293,0.0026,0.0022,0.0026,0.0017,0.0557,0.0008,0.0013,0.0004,,1,0,1,0,0
4LF-Arabic,Low,Female,8/13/2024,3.814,,0.8067,0.0097,0.012,0.0229,0.0261,0.1955,0.0032,0.0081,0.0118,10 yellow and >10 white; no development,0,0,0,0,0
4LM-Assembly,Low,Male,8/13/2024,2.48,0.842,0.2177,0.0088,0.0011,0.0049,0.0029,0.0473,0.0009,0.0013,0.0008,,0,0,0,0,0
4LF-Bangla,Low,Female,8/13/2024,3.825,,0.9288,0.0097,0.0122,0.0216,0.0942,0.1973,0.0029,0.0058,0.0425,>10 yellow; no development,0,0,0,0,0
4LF-Cantonese,Low,Female,8/13/2024,3.109,,0.8832,0.0096,0.004,0.0181,0.0071,0.0919,0.0013,0.0044,0.0031,5 yellow; >10 white; no development,1,0,1,0,0
5CF-Ammonia,Control,Female,8/22/2024,3.626,,0.9205,0.0082,0.0113,0.0156,0.1424,0.2046,0.0026,0.0048,0.0306,10 yellow; near full development,NA,NA,NA,NA,NA
5CM-Aluminum,Control,Male,8/22/2024,2.413,0.764,0.2396,0.0051,0.0038,0.0028,0.0051,0.0593,0.0009,0.0008,0.0017,,NA,NA,NA,NA,NA
5CM-Boron,Control,Male,8/22/2024,2.237,0.63,0.1731,0.0041,0.005,0.0038,0.0032,0.039,0.0012,0.0018,0.0018,,NA,NA,NA,NA,NA
5HF-An,High,Female,8/27/2024,3.387,,0.7355,0.0068,0.0087,0.0162,0.1138,0.1485,0.0027,0.0049,0.0248,"11 kids; tail, eyes, partial yolk still attached",1,0,1,0,0
5HM-Archery,High,Male,8/27/2024,2.252,0.661,0.185,0.005,0.002,0.0021,0.0022,0.0421,0.0001,0.0003,0.0012,,0,0,0,0,0
5HF-Billal,High,Female,8/27/2024,3.875,,0.8448,0.0094,0.0147,0.017,0.1344,0.1626,0.003,0.0054,0.288,"10; partial yolk; tail, eyes",2,0,2,0,0
5HM-Canoeing,High,Male,8/27/2024,2.537,0.74,0.222,0.0049,0.0032,0.0025,0.0043,0.0507,0.0009,0.0005,0.002,,0,0,0,0,0
5HF-Casey,High,Female,8/27/2024,3.505,,0.5747,0.0087,0.0125,0.0165,0.0109,0.1221,0.0041,0.0068,0.0038,>10 yellow and white; no development,2,0,1,1,0
5HM-Boxing,High,Male,8/27/2024,2.145,0.713,0.1606,0.004,0.0026,0.003,0.0025,0.0375,0.0006,0.0009,0.0005,,1,0,1,0,0
5HM-Diving,High,Male,8/27/2024,2.143,0.681,0.123,0.0035,0.0037,0.0024,0.0013,0.0225,0.0008,0.0001,0.0001,,1,0,1,0,0
5LF-Aigna,Low,Female,8/30/2024,3.756,,0.7425,0.0085,0.0147,0.0211,0.0728,0.1603,0.0036,0.0055,0.0352,>10 yellow; no development,1,1,0,0,0
5LM-Arun,Low,Male,8/30/2024,,,0.1697,0.0046,0.0021,0.0022,0.002,0.0433,0.0006,0.001,0.0003,,2,0,1,1,0
5LF-Bala,Low,Female,8/30/2024,3.282,,0.4372,0.0069,0.0112,0.0133,0.0031,0.0983,0.0021,0.0029,0.0005,>10 white; unfertilized,1,NA,0,1,0
5LM-Braern,Low,Male,8/30/2024,1.975,0.671,0.1065,0.0034,0.0011,0.0016,0.0016,0.0234,0.0001,0.0009,0.0001,,0,0,0,0,0
5LF-Ceron,Low,Female,8/30/2024,3.493,,0.7671,0.008,0.0124,0.0219,0.1132,0.1585,0.003,0.0064,0.0231,"8 near full development; no yolk left, tail, eyes, head",1,0,1,0,0
5LM-Corym,Low,Male,8/30/2024,,,0.1934,0.0043,0.0038,0.0037,0.0018,0.04,0.0008,0.0021,0.0012,,0,0,0,0,0
6CM-Armadillo,Control,Male,9/6/2024,,,0.1175,0.004,0.0012,0.0011,0.0011,0.0216,0.0004,,,,NA,NA,NA,NA,NA
6CF-Avocet,Control,Female,9/6/2024,3.481,,0.5058,0.007,0.0118,0.02,0.0046,0.1134,0.003,0.0047,0.0011,>10 white; no development,NA,NA,NA,NA,NA
6CM-Bear,Control,Male,9/6/2024,2.317,0.714,0.1676,0.0053,0.0033,0.0015,0.0022,0.0351,0.0009,0.0002,0.0001,,NA,NA,NA,NA,NA
6CF-Bulbul,Control,Female,9/6/2024,3.022,,0.4298,0.0069,0.0083,0.0131,0.0041,0.0968,0.0021,0.0038,0.0007,<10 white; no development,NA,NA,NA,NA,NA
6CF-Coot,Control,Female,9/6/2024,3.314,,0.605,0.0086,0.0082,0.0174,0.009,0.1387,0.0019,0.0053,0.0021,4 yellow; no development,NA,NA,NA,NA,NA
6LF-Ant,Low,Female,9/13/2024,3.103,,0.3949,0.0073,0.0086,0.0108,0.0028,0.0855,0.0017,0.0038,0.0005,>10 white; no development,1,0,1,0,0
6LM-Anchovy,Low,Male,9/13/2024,,,0.1145,0.005,0.003,0.0022,0.001,0.0247,0.0008,0.0006,,,0,0,NA,0,NA
6LF-Bee,Low,Female,9/13/2024,,,0.5177,0.0077,0.0072,0.0218,0.0044,0.1302,0.0018,0.0072,0.0013,>10 white; no development,2,0,1,1,0
6LF-Cricket,Low,Female,9/13/2024,3.265,,0.6361,0.008,0.0137,0.0185,0.0638,0.1282,0.0024,0.0047,0.027,"8; no development, but fertilized/yellow; no body formation",0,0,0,0,0
7CF-Arcadia,Control,Female,9/20/2024,2.978,,0.3899,0.0055,0.0064,0.0134,0.0277,0.0866,0.0019,0.0049,0.0123,4 yellow; no development,NA,NA,NA,NA,NA
7CF-Carceri,Control,Female,9/20/2024,2.946,,0.4563,0.008,0.0052,0.0119,0.005,0.1052,0.0014,0.0034,0.0011,5 white; 1 yellow; no development,NA,NA,NA,NA,NA
7CM-Aarakocra,Control,Male,9/20/2024,2.189,,0.1528,0.0038,0.0023,0.0028,0.002,0.0345,0.0007,0.0011,,,NA,NA,NA,NA,NA
7CM-Bugbear,Control,Male,9/20/2024,2.289,0.716,0.2024,0.0051,0.0032,0.0025,0.005,0.0427,0.0009,0.0001,,,NA,NA,NA,NA,NA
7LF-Akali,Low,Female,9/27/2024,3.169,,0.8984,0.0089,0.0095,0.0141,0.0106,0.1309,0.0024,0.0029,0.0003,no development/fertilization,2,1,1,0,0
7LM-Azir,Low,Male,9/27/2024,2.096,0.692,0.1803,0.0047,0.0023,0.0039,0.0032,0.0361,0.0001,0.0001,,,1,0,1,0,NA
7LF-Briar,Low,Female,9/27/2024,2.716,,0.448,0.006,0.0035,0.0099,0.0315,0.0945,0.0008,0.0012,0.0016,3 developed; tail and eyes,1,NA,0,0,1
7LM-Braum,Low,Male,9/27/2024,2.199,0.651,0.2093,0.0044,0.0019,0.0025,0.0042,0.0439,0.0002,0.0006,,,0,0,0,0,0
8LF-Agatha,Low,Female,10/11/2024,2.835,,0.3304,,,,,0.0746,0.0011,0.0013,0.0004,,0,0,0,0,0
8LM-Anthony,Low,Male,10/11/2024,2.213,0.655,0.1803,,,,,0.0332,,0.0003,,,0,0,0,0,NA
8LF-Brimsley,Low,Female,10/11/2024,3,,0.448,,,,,0.1,0.0011,0.0031,0.01,,1,0,0,1,0
8LM-Benedict,Low,Male,10/11/2024,2.355,0.694,0.2093,,,,,0.0408,0.0007,0.0009,0.0019,,1,0,1,0,0
8LF-Charlotte,Low,Female,10/11/2024,2.292,,0.1703,,,,,0.0348,0.0004,0.0009,,,0,0,0,0,NA
8LM-Colin,Low,Male,10/11/2024,2.064,0.672,0.1345,,,,,0.0291,0.0009,0.0007,,,3,1,0,0,2
8CF-Arcanine,Control,Female,11/8/2024,2.724,,0.2774,0.0051,0.0045,0.0075,0.0015,0.0528,0.0008,0.0006,,less than 10 unfertilized,NA,NA,NA,NA,NA
8CF-Charmander,Control,Female,11/8/2024,,,0.4945,0.0089,0.0092,0.0171,0.0051,0.105,0.002,0.0044,,>10 unfertilized,NA,NA,NA,NA,NA
8CM-Abra,Control,Male,11/8/2024,2.101,0.566,0.1313,0.0038,0.0012,0.0016,0.0021,0.0281,0.0001,0.0004,,,NA,NA,NA,NA,NA
8CF-Braixen,Control,Female,11/8/2024,,,0.1894,0.0042,0.0044,0.004,0.0019,0.0387,0.0009,0.0008,,>10 unfertilized,NA,NA,NA,NA,NA
6HM-Arrokuda,High,Male,11/22/2024,2.306,0.735,0.1645,0.0041,0.0015,0.0026,0.0027,0.035,0.0004,0.0004,0.0004,,0,0,0,0,0
6HM-Blastoise,High,Male,11/22/2024,,,0.1113,0.0019,0.0011,0.0012,0.0024,0.0231,0.0001,0.0001,0.0003,,0,0,0,0,0
6HM-Chewtle,High,Male,11/22/2024,1.971,0.703,0.1121,0.0008,0.0012,0.0016,0.001,0.0225,0.0004,0.0003,0.0001,,1,NA,1,0,0
6HM-Dewgong,High,Male,11/22/2024,1.919,0.576,0.1148,0.0029,0.0014,0.0019,0.0011,0.0211,0.0007,0.0006,0.0001,,0,0,0,0,0
6HF-Arboliva,High,Female,11/22/2024,2.827,,0.344,0.006,0.0048,0.0127,0.0109,0.0694,0.0012,0.0036,0.0042,<10 unfertilized,1,0,1,0,0
6HF-Bellsprout,High,Female,11/22/2024,2.191,,0.1705,0.004,0.0025,0.006,0.0006,0.034,0.0006,0.0021,0.0001,2 unfertilized; very small gonads,0,0,0,0,0
6HF-Chikorita,High,Female,11/22/2024,2.576,,0.2069,0.0049,0.0034,0.0053,0.0005,0.0436,0.0011,0.0013,0.0002,7 unfertilized; very small gonads,0,0,0,0,0
7HF-Aperture,High,Female,12/3/2024,2.903,,0.4368,0.0066,0.007,0.0091,0.0129,0.1054,0.0019,0.0023,0.0052,,1,0,1,0,0
7HM-Acrylic,High,Male,12/3/2024,2.484,0.693,0.2033,0.0033,0.0025,0.0037,0.0025,0.0495,0.0009,0.0012,0.0006,,1,0,1,0,0
7HF-Bitmap,High,Female,12/3/2024,2.882,,0.2769,0.0033,0.0083,0.0725,0.0009,0.0685,0.0003,0.0046,0.0008,,3,0,1,1,1
7HM-Baroque,High,Male,12/3/2024,,,0.1222,0.0016,0.0068,0.0021,0.0013,0.0283,0.0001,0.0005,,,0,0,0,0,0
7HF-Chromatic,High,Female,12/3/2024,,,0.26,0.0051,0.0056,0.0057,0.0013,0.0545,0.001,0.002,0.0007,,1,0,1,0,0
7HM-Collage,High,Male,12/3/2024,2.326,0.768,0.1602,0.0037,0.0022,0.0028,0.0026,0.0398,0.0004,0.0007,0.0003,,1,0,1,0,0
9CF-Abigail,Control,Female,12/6/2024,2.904,,0.3849,0.0052,0.0067,0.0136,0.0039,0.882,0.0019,0.0036,0.0012,>10 unfertilized,NA,NA,NA,NA,NA
9CM-Andrew,Control,Male,12/6/2024,2.011,0.562,0.0995,0.0019,0.0016,0.001,0.001,0.0206,0.0004,0.0005,0.0002,,NA,NA,NA,NA,NA
9CF-Barbara,Control,Female,12/6/2024,2.232,,0.1696,0.0048,0.0022,0.0037,0.0008,0.0362,0.0003,0.0008,0.0001,,NA,NA,NA,NA,NA
9CM-Bill,Control,Male,12/6/2024,1.922,0.569,0.1027,0.0032,0.0017,0.0015,0.0032,0.0217,0.0008,0.0008,0.0004,,NA,NA,NA,NA,NA
9CF-Claudia,Control,Female,12/6/2024,2.753,,0.3228,0.0063,0.0042,0.0104,0.0027,0.0753,0.001,0.0027,0.0008,,NA,NA,NA,NA,NA
9CM-Chester,Control,Male,12/6/2024,1.995,0.792,0.107,0.0025,0.0013,0.0017,0.0019,0.0226,0.0002,0.0001,,,NA,NA,NA,NA,NA
9CM-Donald,Control,Male,12/6/2024,1.662,0.524,0.0657,0.0029,0.0008,0.001,0.0009,0.0139,0.0002,0.0001,,,NA,NA,NA,NA,NA
9LF-Amber,Low,Female,1/31/2025,,,0.2471,0.0051,0.0033,0.0067,0.0028,0.0654,0.0006,0.0018,,>10 White small,2,0,1,1,NA
9LM-Amethyst,Low,Male,1/31/2025,2.036,0.627,0.1135,0.0029,0.0011,0.0014,0.0021,0.0274,0.0005,0.0004,,,0,0,0,0,0
9LF-Bloodstone,Low,Female,1/31/2025,2.256,,0.1718,0.0024,0.0022,0.0065,0.0006,0.0387,0.0008,0.0021,,<10 white small,1,NA,0,1,0
9LM-Barite,Low,Male,1/31/2025,2.23,0.634,0.156,0.0038,0.0017,0.0035,0.0024,0.0329,0.0003,0.0007,,,0,0,0,0,0
9LF-Carnelian,Low,Female,1/31/2025,2.325,,0.1871,0.004,0.0026,0.0064,0.0015,0.0419,0.001,0.0023,,~3 small white,0,0,0,0,0
9LM-Citrine,Low,Male,1/31/2025,1.68,0.536,0.0057,0.0016,0.0012,0.0016,0.0005,0.0095,0.0002,0.0004,,,0,0,0,0,0
10CF-Accelerator,Control,Female,2/11/2025,2.543,,0.2478,0.0038,0.0039,0.0044,0.0014,,0.0036,0.0013,,>10 white,NA,NA,NA,NA,NA
10CM-Acura,Control,Male,2/11/2025,1.897,0.615,0.087,0.0043,0.0011,0.0016,0.001,,0.0002,0.0005,,,NA,NA,NA,NA,NA
10CF-Breaks,Control,Female,2/11/2025,2.358,,0.2148,0.0033,0.0028,0.0076,0.0015,,0.0007,0.0018,,<10 white,NA,NA,NA,NA,NA
10CM-Bentley,Control,Male,2/11/2025,1.87,0.625,0.0864,0.0035,0.0014,0.0012,0.0012,,0.0002,0.0003,,,NA,NA,NA,NA,NA
10CF-Carburetor,Control,Female,2/11/2025,1.939,,0.1208,0.004,0.0031,0.0027,,,0.0009,0.0009,,,NA,NA,NA,NA,NA
10CM-Cadillac,Control,Male,2/11/2025,2.328,0.671,0.167,0.0044,0.037,0.003,0.0043,,0.001,0.0012,,,NA,NA,NA,NA,NA
10LF-Anakin,Low,Female,2/7/2025,2.788,,0.3778,0.003,0.0035,0.0086,0.0486,,0.0008,0.0027,,>10 small white >10 big yellow,0,0,0,0,0
10LF-Bobafett,Low,Female,2/7/2025,2.905,,0.4335,0.004,0.0061,0.0191,0.0311,,0.0015,0.0048,,4 big yellow fertalized,NA,NA,NA,NA,NA
10LM-C3PO,Low,Male,2/7/2025,2.498,0.685,0.2032,0.0041,0.003,0.0035,0.0038,,0.0009,0.0009,,,NA,NA,NA,NA,NA
10HF-Allspice,High,Female,3/4/2025,2.284,,,,,,,,0.0007,0.0014,0.0003,,1,0,1,0,0
10HM-Anise,High,Male,3/4/2025,1.932,0.67,0.2404,0.0049,0.0034,0.0079,0.0013,,0.0001,0.0001,0.0001,,0,0,0,0,0
10HF-BlackPepper,High,Female,3/4/2025,2.32,,0.2179,0.004,0.004,0.0087,0.0017,,0.001,0.0026,0.0002,,1,0,1,0,0
10HM-Basil,High,Male,3/4/2025,2.164,0.611,0.1539,0.0046,0.0014,0.0023,0.0019,,0.0002,0.0007,0.0001,,1,0,1,0,0
10HF-Cinnamon,High,Female,3/4/2025,2.767,,0.3277,0.0067,0.0059,0.007,0.0008,,0.0012,0.002,0.0001,,0,0,0,0,0
10HM-Cilantro,High,Male,3/4/2025,1.76,0.554,0.0693,0.0032,0.001,0.0014,0.0014,,0.0001,0.0001,0.0001,,0,NA,0,0,0
11CF-Arrow,Control,Female,2/22/2025,,,0.1877,0.004,0.0016,0.0053,0.0022,,0.0007,0.002,0.0022,,NA,NA,NA,NA,NA
11CM-Archer,Control,Male,2/22/2025,2.154,0.645,0.1294,0.0046,0.0008,0.0008,0.0027,,0.0006,0.0004,0.0007,,NA,NA,NA,NA,NA
11CF-Bow,Control,Female,2/22/2025,1.908,,0.1071,0.0023,0.0018,0.0005,0.0001,,,,,,NA,NA,NA,NA,NA
11CM-Bowman,Control,Male,2/22/2025,1.744,0.624,0.0628,0.0018,0.0007,0.0004,0.0007,,,,,,NA,NA,NA,NA,NA
11CF-Crossbow,Control,Female,2/22/2025,2.29,,0.2259,0.0046,0.0046,0.0044,0.0021,,0.0016,0.0014,0.0021,,NA,NA,NA,NA,NA
11HM-Anole,High,Male,3/7/2025,2.009,0.637,0.0962,0.0008,0.0006,0.0021,0.0019,,0,0.0005,,,2,0,1,1,0
11HM-Basilisk,High,Male,3/7/2025,1.686,0.583,0.052,0.0018,0.0016,0.0014,0.0001,,0,0.0007,,,0,0,0,0,NA
11HM-Chameleon,High,Male,3/7/2025,2.012,0.553,0.1206,0.0027,0.0012,0.0034,0.0009,,0.0003,0.0012,0.0001,,1,NA,1,0,0
12CF-Autodesk,Control,Female,2/28/2025,2.033,,0.1493,0.0032,0.0019,0.0041,0.0007,,0.0008,0.0011,0.0002,,NA,NA,NA,NA,NA
12CM-Axis,Control,Male,2/28/2025,2.001,0.645,0.1006,0.0041,0.0011,0.0028,0.0009,,,,,,NA,NA,NA,NA,NA
12CF-Blender,Control,Female,2/28/2025,2.024,,0.1328,0.0046,0.0025,0.003,,,0.0004,0.001,,,NA,NA,NA,NA,NA
12CM-Belt,Control,Male,2/28/2025,1.752,0.62,0.0915,,,,,,,,,,NA,NA,NA,NA,NA
12CF-CAD,Control,Female,2/28/2025,,,,,,,,,,,,,NA,NA,NA,NA,NA
12HM-Ares,High,Male,3/11/2025,2.401,0.77,0.1786,0.0046,0.0024,0.0038,0.0011,,0.0006,0.001,0.0003,,2,0,1,0,1
12HM-Baccus,High,Male,3/11/2025,2.19,0.612,0.1345,0.0013,0.0009,0.0025,0.0019,,0,0.0009,0.0003,,0,NA,0,0,0
12HM-Cronnus,High,Male,3/11/2025,2.111,0.665,0.1509,0.0015,0.0009,0.003,0.0037,,0.0001,0.0008,0.0006,,1,0,0,1,0
13HM-Amaranth,High,Male,4/8/2025,,,0.1152,0.0029,0.0013,0.0028,0.001,,0.0003,0.0008,,,0,0,0,0,NA
13HM-Blush,High,Male,4/8/2025,2.055,0.696,0.1224,0.001,0.0012,0.0017,0.0034,,0,0.0007,,,1,0,0,1,0
13HM-Cerise,High,Male,4/8/2025,2.302,0.728,0.1431,0.0033,0.0017,0.002,0.0034,,0.0006,0.0007,0.0005,,1,0,1,0,0
11LM-Apricot,Low,Male,4/15/2025,1.962,0.609,0.1066,0.0035,0.0015,0.0022,0.0026,,0.0002,0.0007,0.0005,,1,0,1,0,0
11LM-Burnt,Low,Male,4/15/2025,2.263,0.664,0.1604,0.0018,0.0019,0.0021,0.004,,0.0007,0.0007,,,0,0,0,0,0
11LM-Coral,Low,Male,4/15/2025,1.847,0.596,0.0893,0.0016,0.001,0.0025,0.0016,,0.0004,0.0008,0.0004,,0,0,0,0,0
