fish_id,treatment,sex,standard_length,gonopodia_length,bw_wet,brain_wet,gills_wet,gi_wet,gonads_wet
1CF-Apple,Control,Female,2.659,,0.9189,0.0097,0.204,0.0467,0.0354
1CM-Asparagus,Control,Male,,0.656,0.1955,0.0048,0.0037,0.0107,0.0045
1CF-Banana,Control,Female,4.003,,,0.0112,0.025,0.0266,0.0983
1CM-Broccoli,Control,Male,2.494,0.756,0.2457,0.0041,0.0043,0.0039,0.0058
1CF-Cantaloupe,Control,Female,3.759,,0.9309,0.009,0.0221,0.0275,0.0139
1HF-Argentina,High,Female,3.204,,0.504,0.0106,0.007,0.0122,0.08
1HM-Austin,High,Male,,,0.0972,0.0032,0.005,0.0019,0.001
1HF-Belarus,High,Female,3.429,,0.6403,0.0061,0.0235,0.0162,0.0223
1HM-Budapest,High,Male,2.334,,0.1674,0.04,0.0027,0.003,0.0055
1HF-Cuba,High,Female,2.937,,0.4312,0.0064,0.0093,0.0094,0.0478
1HM-Changan,High,Male,2.049,0.562,0.1039,0.0039,0.0033,0.0022,0.0021
1LF-Abaddon,Low,Female,3.416,,0.6355,0.0074,0.0172,0.0214,0.0054
1LM-Asmodeus,Low,Male,1.864,0.651,0.1002,0.003,0.0027,0.0016,0.0022
1LF-Baraqiel,Low,Female,3.356,,0.4918,0.0075,0.0105,0.0188,0.0045
1LM-Beelzebub,Low,Male,2.116,0.694,0.1398,0.0034,0.0024,0.0017,0.0052
1LF-Cassiel,Low,Female,3.696,,0.7195,0.0082,0.013,0.0258,0.041
2CF-Astros,Control,Female,3.33,,0.6296,0.0059,0.008,0.0222,0.01429
2CM-Avalanche,Control,Male,2.431,0.66,0.2023,0.0033,0.0029,0.0026,0.0049
2CF-Braves,Control,Female,2.286,,0.1725,0.0038,0.0025,0.0025,
2CM-Blues,Control,Male,2.257,0.717,0.1782,0.003,0.0026,0.0036,0.0032
2CF-Cubs,Control,Female,2.93,,0.3556,0.005,0.0104,0.0074,0.0038
2CM-Capitals,Control,Male,2.228,0.643,0.1629,0.039,0.0038,0.0019,0.003
2HF-Apex,High,Female,3.287,,0.4611,0.0075,0.0167,0.0143,0.0022
2HM-Banjo-Kazooie,High,Male,2.512,0.771,0.2354,0.0055,0.0043,0.0046,0.0056
2HF-Battlefield,High,Female,3.316,,0.5952,0.0064,0.0114,0.0188,0.0306
2HM-Castlevania,High,Male,2.161,0.651,0.1572,0.0042,0.0044,0.0036,0.0035
2HF-COD,High,Female,3.647,,0.7421,0.0093,0.0177,0.025,0.0095
2LM-Accordian,Low,Male,2.328,0.717,0.3712,0.0059,0.0085,0.0068,0.0016
2LF-Autoharp,Low,Female,2.832,,0.2058,0.0048,0.0027,0.0041,0.0017
2LF-Bassoon,Low,Female,2.945,,0.4303,0.0072,0.01,0.0122,0.0067
2LM-Bass,Low,Male,2.213,0.66,0.1632,0.0027,0.0021,0.0024,0.003
2LF-Clarinet,Low,Female,3.737,,0.6477,0.0093,0.0203,0.0153,0.0126
2LM-Cello,Low,Male,2.247,0.685,0.1483,0.0035,0.0019,0.0026,0.0026
3CF-Armin,Control,Female,3.528,,0.6799,0.0066,0.0079,0.0095,0.0432
3CM-Avdol,Control,Male,2.555,0.662,0.2107,0.0021,0.0017,0.0031,0.002
3CF-Bertholdt,Control,Female,3.366,,0.4947,0.0063,0.008,0.0105,0.0024
3CM-Bruno,Control,Male,2.037,0.675,0.105,0.0025,0.0011,0.0018,0.0012
3CF-Connie,Control,Female,3.103,,0.4439,0.0049,0.0093,0.01,0.0329
3CM-Caesar,Control,Male,2.235,0.734,0.1829,0.0042,0.0014,0.0027,0.0039
3CM-Dio,Control,Male,2.436,,0.2086,0.0046,0.005,0.003,0.0054
3HM-Auburn,High,Male,,,0.1365,0.0044,0.003,0.0016,0.001
3HM-Brown,High,Male,2.329,0.73,0.1451,0.0038,0.0022,0.0016,0.0027
3HF-Azure,High,Female,3.019,,0.4335,0.0072,0.0093,0.0124,0.0079
3HF-Cerulean,High,Female,2.855,,0.4347,0.0069,0.0105,0.0126,0.0137
3HF-Blue,High,Female,3.329,,0.5883,0.0079,0.0099,0.013,0.066
3LF-Acacia,Low,Female,3.258,,0.4281,0.0071,0.0124,0.0114,0.0084
3LF-Baobab,Low,Female,3.671,,0.7602,0.0056,0.0104,0.0203,0.0226
3LM-Aconite,Low,Male,2.221,0.68,0.1579,0.0035,0.0017,0.0025,0.0034
3LM-Bluebonnet,Low,Male,2.058,0.668,0.133,0.0034,0.002,0.0025,0.0011
3LF-Cedar,Low,Female,,,0.5659,0.0074,0.0115,0.0149,0.0139
4CF-Albali,Control,Female,2.729,,0.311,0.0061,0.0052,0.0075,0.0018
4CM-Andromeda,Control,Male,2.234,0.656,0.285,0.0048,0.004,0.0073,0.0024
4CF-Bellatrix,Control,Female,2.653,,0.285,0.0048,0.004,0.0073,0.0024
4CM-Blackeye,Control,Male,2.229,0.659,0.1576,0.0036,0.0022,0.0039,0.0027
4CF-Castor,Control,Female,2.958,,0.3871,0.0083,0.0067,0.0092,0.0139
4HF-ArianaGrande,High,Female,2.504,,0.2725,0.0029,0.0038,0.0078,0.002
4HM-ABBA,High,Male,2.197,0.703,0.1469,0.0012,0.001,0.0015,0.0012
4HF-Beyonce,High,Female,2.982,,0.3816,0.0045,0.0045,0.0139,0.0125
4HM-Beatles,High,Male,2.301,0.776,0.1625,0.0035,0.0026,0.0039,0.0017
4HF-ChappellRoan,High,Female,2.627,,0.2692,0.0051,0.004,0.0069,0.0268
4HM-Coldplay,High,Male,2.731,0.833,0.2293,0.0026,0.0022,0.0026,0.0017
4LF-Arabic,Low,Female,3.814,,0.8067,0.0097,0.012,0.0229,0.0261
4LM-Assembly,Low,Male,2.48,0.842,0.2177,0.0088,0.0011,0.0049,0.0029
4LF-Bangla,Low,Female,3.825,,0.9288,0.0097,0.0122,0.0216,0.0942
4LF-Cantonese,Low,Female,3.109,,0.8832,0.0096,0.004,0.0181,0.0071
5CF-Ammonia,Control,Female,3.626,,0.9205,0.0082,0.0113,0.0156,0.1424
5CM-Aluminum,Control,Male,2.413,0.764,0.2396,0.0051,0.0038,0.0028,0.0051
5CM-Boron,Control,Male,2.237,0.63,0.1731,0.0041,0.005,0.0038,0.0032
5HF-An,High,Female,3.387,,0.7355,0.0068,0.0087,0.0162,0.1138
5HM-Archery,High,Male,2.252,0.661,0.185,0.005,0.002,0.0021,0.0022
5HF-Billal,High,Female,3.875,,0.8448,0.0094,0.0147,0.017,0.1344
5HM-Canoeing,High,Male,2.537,0.74,0.222,0.0049,0.0032,0.0025,0.0043
5HF-Casey,High,Female,3.505,,0.5747,0.0087,0.0125,0.0165,0.0109
5HM-Boxing,High,Male,2.145,0.713,0.1606,0.004,0.0026,0.003,0.0025
5HM-Diving,High,Male,2.143,0.681,0.123,0.0035,0.0037,0.0024,0.0013
5LF-Aigna,Low,Female,3.756,,0.7425,0.0085,0.0147,0.0211,0.0728
5LM-Arun,Low,Male,,,0.1697,0.0046,0.0021,0.0022,0.002
5LF-Bala,Low,Female,3.282,,0.4372,0.0069,0.0112,0.0133,0.0031
5LM-Braern,Low,Male,1.975,0.671,0.1065,0.0034,0.0011,0.0016,0.0016
5LF-Ceron,Low,Female,3.493,,0.7671,0.008,0.0124,0.0219,0.1132
5LM-Corym,Low,Male,,,0.1934,0.0043,0.0038,0.0037,0.0018
6CM-Armadillo,Control,Male,,,0.1175,0.004,0.0012,0.0011,0.0011
6CF-Avocet,Control,Female,3.481,,0.5058,0.007,0.0118,0.02,0.0046
6CM-Bear,Control,Male,2.317,0.714,0.1676,0.0053,0.0033,0.0015,0.0022
6CF-Bulbul,Control,Female,3.022,,0.4298,0.0069,0.0083,0.0131,0.0041
6CF-Coot,Control,Female,3.314,,0.605,0.0086,0.0082,0.0174,0.009
6LF-Ant,Low,Female,3.103,,0.3949,0.0073,0.0086,0.0108,0.0028
6LM-Anchovy,Low,Male,,,0.1145,0.005,0.003,0.0022,0.001
6LF-Bee,Low,Female,,,0.5177,0.0077,0.0072,0.0218,0.0044
6LF-Cricket,Low,Female,3.265,,0.6361,0.008,0.0137,0.0185,0.0638
7CF-Arcadia,Control,Female,2.978,,0.3899,0.0055,0.0064,0.0134,0.0277
7CF-Carceri,Control,Female,2.946,,0.4563,0.008,0.0052,0.0119,0.005
7CM-Aarakocra,Control,Male,2.189,,0.1528,0.0038,0.0023,0.0028,0.002
7CM-Bugbear,Control,Male,2.289,0.716,0.2024,0.0051,0.0032,0.0025,0.005
7LF-Akali,Low,Female,3.169,,0.8984,0.0089,0.0095,0.0141,0.0106
7LM-Azir,Low,Male,2.096,0.692,0.1803,0.0047,0.0023,0.0039,0.0032
7LF-Briar,Low,Female,2.716,,0.448,0.006,0.0035,0.0099,0.0315
7LM-Braum,Low,Male,2.199,0.651,0.2093,0.0044,0.0019,0.0025,0.0042
8LF-Agatha,Low,Female,2.835,,0.3304,,,,
8LM-Anthony,Low,Male,2.213,0.655,0.1803,,,,
8LF-Brimsley,Low,Female,3,,0.448,,,,
8LM-Benedict,Low,Male,2.355,0.694,0.2093,,,,
8LF-Charlotte,Low,Female,2.292,,0.1703,,,,
8LM-Colin,Low,Male,2.064,0.672,0.1345,,,,
8CF-Arcanine,Control,Female,2.724,,0.2774,0.0051,0.0045,0.0075,0.0015
8CF-Charmander,Control,Female,,,0.4945,0.0089,0.0092,0.0171,0.0051
8CM-Abra,Control,Male,2.101,0.566,0.1313,0.0038,0.0012,0.0016,0.0021
8CF-Braixen,Control,Female,,,0.1894,0.0042,0.0044,0.004,0.0019
6HM-Arrokuda,High,Male,2.306,0.735,0.1645,0.0041,0.0015,0.0026,0.0027
6HM-Blastoise,High,Male,,,0.1113,0.0019,0.0011,0.0012,0.0024
6HM-Chewtle,High,Male,1.971,0.703,0.1121,0.0008,0.0012,0.0016,0.001
6HM-Dewgong,High,Male,1.919,0.576,0.1148,0.0029,0.0014,0.0019,0.0011
6HF-Arboliva,High,Female,2.827,,0.344,0.006,0.0048,0.0127,0.0109
6HF-Bellsprout,High,Female,2.191,,0.1705,0.004,0.0025,0.006,0.0006
6HF-Chikorita,High,Female,2.576,,0.2069,0.0049,0.0034,0.0053,0.0005
7HF-Aperture,High,Female,2.903,,0.4368,0.0066,0.007,0.0091,0.0129
7HM-Acrylic,High,Male,2.484,0.693,0.2033,0.0033,0.0025,0.0037,0.0025
7HF-Bitmap,High,Female,2.882,,0.2769,0.0033,0.0083,0.0725,0.0009
7HM-Baroque,High,Male,,,0.1222,0.0016,0.0068,0.0021,0.0013
7HF-Chromatic,High,Female,,,0.26,0.0051,0.0056,0.0057,0.0013
7HM-Collage,High,Male,2.326,0.768,0.1602,0.0037,0.0022,0.0028,0.0026
9CF-Abigail,Control,Female,2.904,,0.3849,0.0052,0.0067,0.0136,0.0039
9CM-Andrew,Control,Male,2.011,0.562,0.0995,0.0019,0.0016,0.001,0.001
9CF-Barbara,Control,Female,2.232,,0.1696,0.0048,0.0022,0.0037,0.0008
9CM-Bill,Control,Male,1.922,0.569,0.1027,0.0032,0.0017,0.0015,0.0032
9CF-Claudia,Control,Female,2.753,,0.3228,0.0063,0.0042,0.0104,0.0027
9CM-Chester,Control,Male,1.995,0.792,0.107,0.0025,0.0013,0.0017,0.0019
9CM-Donald,Control,Male,1.662,0.524,0.0657,0.0029,0.0008,0.001,0.0009
9LF-Amber,Low,Female,,,0.2471,0.0051,0.0033,0.0067,0.0028
9LM-Amethyst,Low,Male,2.036,0.627,0.1135,0.0029,0.0011,0.0014,0.0021
9LF-Bloodstone,Low,Female,2.256,,0.1718,0.0024,0.0022,0.0065,0.0006
9LM-Barite,Low,Male,2.23,0.634,0.156,0.0038,0.0017,0.0035,0.0024
9LF-Carnelian,Low,Female,2.325,,0.1871,0.004,0.0026,0.0064,0.0015
9LM-Citrine,Low,Male,1.68,0.536,0.0057,0.0016,0.0012,0.0016,0.0005
10CF-Accelerator,Control,Female,2.543,,0.2478,0.0038,0.0039,0.0044,0.0014
10CM-Acura,Control,Male,1.897,0.615,0.087,0.0043,0.0011,0.0016,0.001
10CF-Breaks,Control,Female,2.358,,0.2148,0.0033,0.0028,0.0076,0.0015
10CM-Bentley,Control,Male,1.87,0.625,0.0864,0.0035,0.0014,0.0012,0.0012
10CF-Carburetor,Control,Female,1.939,,0.1208,0.004,0.0031,0.0027,
10CM-Cadillac,Control,Male,2.328,0.671,0.167,0.0044,0.037,0.003,0.0043
10LF-Anakin,Low,Female,2.788,,0.3778,0.003,0.0035,0.0086,0.0486
10LF-Bobafett,Low,Female,2.905,,0.4335,0.004,0.0061,0.0191,0.0311
10LM-C3PO,Low,Male,2.498,0.685,0.2032,0.0041,0.003,0.0035,0.0038
10HF-Allspice,High,Female,2.284,,,,,,
10HM-Anise,High,Male,1.932,0.67,0.2404,0.0049,0.0034,0.0079,0.0013
10HF-BlackPepper,High,Female,2.32,,0.2179,0.004,0.004,0.0087,0.0017
10HM-Basil,High,Male,2.164,0.611,0.1539,0.0046,0.0014,0.0023,0.0019
10HF-Cinnamon,High,Female,2.767,,0.3277,0.0067,0.0059,0.007,0.0008
10HM-Cilantro,High,Male,1.76,0.554,0.0693,0.0032,0.001,0.0014,0.0014
11CF-Arrow,Control,Female,,,0.1877,0.004,0.0016,0.0053,0.0022
11CM-Archer,Control,Male,2.154,0.645,0.1294,0.0046,0.0008,0.0008,0.0027
11CF-Bow,Control,Female,1.908,,0.1071,0.0023,0.0018,0.0005,0.0001
11CM-Bowman,Control,Male,1.744,0.624,0.0628,0.0018,0.0007,0.0004,0.0007
11CF-Crossbow,Control,Female,2.29,,0.2259,0.0046,0.0046,0.0044,0.0021
11HM-Anole,High,Male,2.009,0.637,0.0962,0.0008,0.0006,0.0021,0.0019
11HM-Basilisk,High,Male,1.686,0.583,0.052,0.0018,0.0016,0.0014,0.0001
11HM-Chameleon,High,Male,2.012,0.553,0.1206,0.0027,0.0012,0.0034,0.0009
12CF-Autodesk,Control,Female,2.033,,0.1493,0.0032,0.0019,0.0041,0.0007
12CM-Axis,Control,Male,2.001,0.645,0.1006,0.0041,0.0011,0.0028,0.0009
12CF-Blender,Control,Female,2.024,,0.1328,0.0046,0.0025,0.003,
12CM-Belt,Control,Male,1.752,0.62,0.0915,,,,
12CF-CAD,Control,Female,,,,,,,
12HM-Ares,High,Male,2.401,0.77,0.1786,0.0046,0.0024,0.0038,0.0011
12HM-Baccus,High,Male,2.19,0.612,0.1345,0.0013,0.0009,0.0025,0.0019
12HM-Cronnus,High,Male,2.111,0.665,0.1509,0.0015,0.0009,0.003,0.0037
13HM-Amaranth,High,Male,,,0.1152,0.0029,0.0013,0.0028,0.001
13HM-Blush,High,Male,2.055,0.696,0.1224,0.001,0.0012,0.0017,0.0034
13HM-Cerise,High,Male,2.302,0.728,0.1431,0.0033,0.0017,0.002,0.0034
11LM-Apricot,Low,Male,1.962,0.609,0.1066,0.0035,0.0015,0.0022,0.0026
11LM-Burnt,Low,Male,2.263,0.664,0.1604,0.0018,0.0019,0.0021,0.004
11LM-Coral,Low,Male,1.847,0.596,0.0893,0.0016,0.001,0.0025,0.0016
