fish_id,treatment,sex,tank_id,Total length (s),assay_duration,foraging_duration,foraging_frequency,foraging_prop_time,skimming_duration,skimming_frequency,skimming_mean_duration,skimming_prop_time,start_binary,foraging_timestamp,latency_to_feed,start_timestamp,fish_forage_binary
10CM-Acura,control,m,10C,765.634,,29.888,1,0.039,196.865,18,10.937,0.257,1,64,50.336,13.664,1
10CM-Bentley,control,m,10C,747.913,,23.533,2,0.031,25.916,6,4.319,0.035,1,34.337,20.45,13.887,1
10CM-Cadillac,control,f,10C,611.378,,0,0,0,3.119,2,1.559,0.005,1,NA,595.556,15.822,0
10HF-Allspice,high,f,10H,666.607,,3.07,1,0.005,0,0,0,0,1,318,309,9,1
10HF-BlackPepper,high,f,10H,620.148,,0,0,0,12.344,4,3.086,0.02,1,134,117,17,1
10HF-Cinnamon,high,f,10H,602.932,,14.947,1,0.025,51.812,6,8.635,0.086,1,563,550,13,1
10HM-Anise,high,m,10H,605.634,,138.257,7,0.228,258.995,15,17.266,0.428,1,43,27,16,1
10HM-Basil,high,m,10H,661.042,,0,0,0,86.816,11,7.892,0.131,1,NA,651.042,10,0
10HM-Cilantro,high,m,10H,629.57,,8.8,1,0.014,68.85,10,6.885,0.109,1,600,589,11,1
10LM-BB8,low,m,10L,621.683,,20.853,2,0.034,6.207,2,3.103,0.01,1,36,24,12,1
10LM-C3PO,low,m,10L,606.337,,105.191,2,0.173,36.795,7,5.256,0.061,1,310,297,13,1
11CF-Arrow,control,f,11C,800.433,,18.211,2,0.023,31.036,7,4.434,0.039,1,300,285,15,1
11CF-Bow,control,f,11C,652.532,,278.108,3,0.426,242.747,14,17.339,0.372,1,125,114,11,1
11CM-Bowman,control,m,11C,653.585,,84.561,1,0.129,163.136,16,10.196,0.25,1,131,118,13,1
11HM-Anole,high,m,11H,669.493,,33.006,3,0.049,105.689,16,6.606,0.158,1,31,20,11,1
11LM-Apricot,low,m,11L,617.841,,0,0,0,92.656,17,5.45,0.15,1,NA,607.841,10,0
11LM-Coral,low,m,11L,605.841,,0,0,0,71.552,6,11.925,0.118,1,NA,596.841,9,0
12CF-Austodesk,control,f,12C,676.034,,0,0,0,2.336,1,2.336,0.003,1,NA,663.034,13,0
12CF-Blender,control,f,12C,631.058,,6.191,1,0.01,15.663,3,5.221,0.025,1,279,268,11,1
12CF-CAP,control,f,12C,600.528,,124.176,3,0.207,183.984,11,16.726,0.306,1,123,111,12,1
12CM-Axis,control,m,12C,659.602,,35.276,2,0.053,176.34,14,12.596,0.267,1,56,41,15,1
12CM-Belt,control,m,12C,729.89,,7.471,1,0.01,1.471,1,1.471,0.002,1,246,226,20,1
12HM-Ares,high,m,12H,648.912,,0,0,0,62.461,9,6.94,0.096,1,NA,638.912,10,0
12HM-Baccus,high,m,12H,619.542,,0,0,0,11.275,4,2.819,0.018,1,NA,609.542,10,0
13HM-Blush,high,m,13H,615.845,,0,0,0,226.135,21,10.768,0.367,1,NA,606.845,9,0
1HF-Belarus,high,f,1H,678.562,,31.103,1,0.046,220.018,11,20.002,0.324,1,18,1,17,1
1HM-Austin,high,m,1H,737.868,,17.201,1,0.023,206.919,6,34.487,0.28,1,82,55,27,1
1HM-Budapest,high,m,1H,635.625,,32.603,1,0.051,185.349,7,26.478,0.292,1,403,381,22,1
1HM-Chang'an,high,m,1H,633.918,,0,0,0,308.727,28,11.026,0.487,1,NA,612.918,21,0
1LF-Abaddon,low,f,1L,706.423,,0,0,0,23.72,6,3.953,0.034,1,NA,690.423,16,0
1LF-Cassiel,low,f,1L,684.638,,0,0,0,0,0,0,0,1,NA,668.638,16,0
1LM-Beelzebub,low,m,1L,562.83,,16.949,1,0.03,109.865,24,4.578,0.195,1,77,64,13,1
3HF-Azure,high,f,3H,636.493,,0,0,0,0,0,0,0,1,NA,605.493,31,0
3LF-Acacia,low,f,3L,952.161,,74.496,3,0.078,84.512,9,9.39,0.089,1,107,89,18,1
3LF-Baobab,low,f,3L,677.313,,72.462,2,0.107,96.321,25,3.853,0.142,1,59,36,23,1
3LF-Cedar,low,f,3L,600.847,,46.896,2,0.078,137.056,8,17.132,0.228,1,127,108,19,1
3LM-Aconite,low,m,3L,636.769,,63.744,2,0.1,284.415,21,13.544,0.447,1,259,231,28,1
3LM-Bluebonnet,low,m,3L,631.648,,118.016,1,0.187,284.842,33,8.632,0.451,1,109,81,28,1
4HM-ABBA,high,m,4H,704.322,,198.175,1,0.281,267.069,22,12.139,0.379,1,45,30,15,1
6CF-Avocet,control,f,6C,603.333,,0,0,0,0,0,0,0,1,NA,593.333,10,0
6CF-Bulbul,control,f,6C,603.633,,59.219,2,0.098,366.161,28,13.077,0.607,1,69,55,14,1
6CF-Coot,control,f,6C,427.345,,49.776,1,0.116,53.567,2,26.784,0.125,1,410,384,26,1
6CM-Armadillo,control,m,6C,610.205,,165.78,2,0.272,135.691,4,33.923,0.222,1,424,414,10,1
6CM-Bear,control,m,6C,646.637,,145.094,4,0.224,428.146,24,17.839,0.662,1,52,41,11,1
6HF-Arboliva,high,f,6H,605.268,,5.872,2,0.01,8.74,3,2.913,0.014,1,252,235,17,1
6HF-Bellsprout,high,f,6H,605.319,,20.819,1,0.034,26.256,9,2.917,0.043,1,80,66,14,1
6HF-Chikorita,high,f,6H,639.825,,80.512,3,0.126,101.453,15,6.764,0.159,1,257,244,13,1
6HM-Arrokuda,high,m,6H,603.409,,0,0,0,24.496,4,6.124,0.041,1,NA,587.409,16,0
6HM-Blastoise,high,m,6H,614.369,,2.256,1,0.004,29.552,8,3.694,0.048,1,202,188,14,1
6HM-Chewtle,high,m,6H,649.488,,10.528,1,0.016,1.744,1,1.744,0.003,1,101,80,21,1
6HM-Dewgong,high,m,6H,636.624,,0,0,0,30.896,5,6.179,0.049,1,NA,627.624,9,0
6LF-Ant,low,f,6L,610.609,,54.8,4,0.09,322.352,22,14.652,0.528,1,54,26,28,1
6LF-Bee,low,f,6L,607.526,,0,0,0,3.009,2,1.505,0.005,1,NA,590.526,17,0
6LF-Cricket,low,f,6L,602.297,,72.431,1,0.12,294.927,25,11.797,0.49,1,63,46,17,1
6LM-Anchovy,low,m,6L,608.037,,0,0,0,0,0,0,0,1,NA,597.037,11,0
8CF-Arcanine,control,f,8C,666.913,,0,0,0,1.088,1,1.088,0.002,1,NA,641.913,25,0
8CF-Braixen,control,f,8C,603.507,,75.744,2,0.126,419.362,31,13.528,0.695,1,18,7,11,1
8CF-Charmander,control,f,8C,635.09,,46.257,7,0.073,42.576,15,2.838,0.067,1,32,18,14,1
8CM-Abra,control,m,8C,648.226,,50.672,4,0.078,48.48,9,5.387,0.075,1,45,20,25,1
9LF-Bloodstone,low,f,9L,594.925,,70.228,2,0.118,200.908,18,11.162,0.338,1,143,133,10,1
9LF-Carnelian,low,f,9L,598.632,,74.904,3,0.125,135.119,22,6.142,0.226,1,183,170,13,1
9LM-Citrine,low,m,9L,600.997,,216.758,1,0.361,275.544,38,7.251,0.458,1,15,2,13,1
11CM-Archer,control,m,11C,816.929,803.137,128.672,1,0.16021177,440.224,24,18.343,0.548130643,1,65.28,51.488,13.792,1
1HF-Argentina,high,f,1H,740.06,718.07,52.233,1,0.072740819,146.158,25,5.846,0.20354283,1,351.485,329.495,21.99,1
4CF-Albali,control,f,4C,739.378,728.674,36.128,3,0.049580471,19.696,4,4.924,0.02702992,1,138.144,127.44,10.704,1
4CF-Bellatrix,control,f,4C,722.594,703.122,23.633,1,0.033611521,16.304,1,16.304,0.02318801,1,609.6,590.128,19.472,1
4CF_Castor,control,f,4C,706.706,680.146,0,0,0,25.183,3,8.394,0.037025874,1,NA,680.146,26.56,0
4CM-Blackeye,control,m,4C,643.33,611.474,28.176,1,0.046078819,144.673,27,5.358,0.236597141,1,486.368,454.512,31.856,1
4HF-ArianaGrande,high,f,4H,758.081,747.073,10.831,2,0.014497914,52.542,19,2.765,0.070330476,1,156.433,145.425,11.008,1
4HF-Beyonce,high,f,4H,637.361,621.377,50.24,1,0.080852687,36.592,9,4.066,0.058888565,1,407.888,391.904,15.984,1
4HF-ChappellRoan,high,f,4H,638.32,623.904,176.48,1,0.28286403,304.623,25,12.185,0.488253,1,94.128,79.712,14.416,1
4HM-ABBA_Foraging,high,m,4H,704.322,689.175,198.175,1,0.287553959,267.069,22,12.139,0.387519861,1,45.94,30.793,15.147,1
4HM-Beatles,high,m,4H,602.518,581.133,225.967,1,0.3888387,356.545,24,14.856,0.613534251,1,51.778,30.393,21.385,1
4HM-Coldplay,high,m,4H,611.673,590.788,10.577,1,0.017903207,30.059,7,4.294,0.050879503,1,68.56,47.675,20.885,1
4LF-Arabic,low,f,4L,714.096,700.304,88.064,1,0.125751102,267.037,47,5.682,0.381315829,1,14.032,0.24,13.792,1
4LF-Bangla,low,f,4L,703.188,684.571,54.848,1,0.08012025,103.593,17,6.094,0.151325429,1,136.755,118.138,18.617,1
4LF-Cantonese,low,f,4L,773.617,754.467,118.537,2,0.157113565,179.952,33,5.453,0.238515402,1,148.732,129.582,19.15,1
4LM-Assembly,low,m,4L,775.024,759.424,126.831,1,0.16700947,398.782,29,13.751,0.525111137,1,321.2,305.6,15.6,1
5CF-Ammonia,control,f,5C,760.845,743.648,108.118,2,0.145388679,122.566,18,6.809,0.164817225,1,155.055,137.858,17.197,1
5CM-Aluminum,control,m,5C,705.457,684.305,0,0,0,0,0,0,0,1,NA,684.305,21.152,0
5CM-Boron,control,m,5C,757.921,738.481,0,0,0,0,0,0,0,1,NA,738.481,19.44,0
5HF-An,high,f,5H,617.392,602.704,85.456,2,0.141787677,345.919,30,11.531,0.573945087,1,81.264,66.576,14.688,1
5HF-Billal,high,f,5H,601.984,584.224,41.551,2,0.071121693,169.521,15,11.301,0.290164389,1,200.976,183.216,17.76,1
5HF-Casey,high,f,5H,612.736,600,5.52,1,0.0092,84.816,20,4.241,0.14136,1,298.511,285.775,12.736,1
5HM-Archery,high,m,5H,652.177,636.33,196.107,2,0.308184433,209.711,30,6.99,0.329563277,1,120.84,104.993,15.847,1
5HM-Boxing,high,m,5H,629.823,609.538,107.694,2,0.176681355,249.014,21,11.858,0.408529083,1,56.917,36.632,20.285,1
5HM-Canoeing,high,m,5H,609.337,592.255,83.642,2,0.14122633,98.449,14,7.032,0.166227385,1,254.092,237.01,17.082,1
5HM-Diving,high,m,5H,641.667,629.424,0,0,0,0,0,0,0,1,NA,629.424,12.243,0
5LF-Aigna,low,f,5L,607.328,592.144,85.903,2,0.145071131,146.448,20,7.322,0.24731822,1,221.696,206.512,15.184,1
5LF-Bala,low,f,5L,604.933,589.753,31.861,1,0.054024312,392.119,38,10.319,0.664886826,1,79.737,64.557,15.18,1
5LF-Ceron,low,f,5L,602.767,583.117,27.923,2,0.047885759,46.904,9,5.212,0.080436688,1,195.907,176.257,19.65,1
5LM-Arun,low,m,5L,605.637,591.992,60.488,1,0.102177056,86.543,7,12.363,0.146189476,1,347.74,334.095,13.645,1
5LM-Braern,low,m,5L,602.336,587.68,0,0,0,26.592,3,8.864,0.045249115,1,NA,587.68,14.656,0
5LM-Corym,low,m,5L,601.052,586.204,102.688,1,0.175174513,55.484,14,3.963,0.094649644,1,225.296,210.448,14.848,1
7LF-Akali,low,f,7L,606.112,584.848,0,0,0,7.665,3,2.555,0.013105969,1,NA,584.848,21.264,0
7LF-Briar,low,f,7L,601.005,586.425,17.45,2,0.029756576,35.096,10,3.51,0.05984738,1,154.07,139.49,14.58,1
7LM-Azir,low,m,7L,678.864,648.352,46.576,1,0.07183752,78.368,14,5.598,0.120872612,1,234.224,203.712,30.512,1
7LM-Braum,low,m,7L,639.497,625.15,9.208,1,0.014729265,24.723,4,6.181,0.039547309,1,436.72,422.373,14.347,1
8LM-Anthony,low,m,8L,648.862,628.715,0,0,0,0,0,0,0,1,NA,628.715,20.147,0
8LM-Benedict,low,m,8L,655.05,638.505,94.263,9,0.147630794,123.262,9,13.696,0.193047823,1,36.408,19.863,16.545,1
8LF-Agatha,low,f,8L,688.705,670.353,51.536,4,0.076878898,52.129,11,4.739,0.077763507,1,22.32,3.968,18.352,1
8LF-Brimsley,low,f,8L,686.433,667.041,110.545,3,0.165724446,186.72,49,3.811,0.279922823,1,38.88,19.488,19.392,1
8LF-Charlotte,low,f,8L,765.105,745.313,0,0,0,0,0,0,0,1,NA,745.313,19.792,0
9LF-Amber,low,f,9L,604.88,591.52,68,1,0.114958074,88.289,11,8.026,0.149257844,1,441.215,427.855,13.36,1
9LM-Amethyst,low,m,9L,602.701,589.901,61.04,1,0.10347499,349.247,24,14.552,0.592043411,1,28.288,15.488,12.8,1
9LM-Barite,low,m,9L,603.249,593.185,85.184,1,0.14360444,50.512,7,7.216,0.085153873,1,33.728,23.664,10.064,1
1HF-Abaddon,high,f,1H,706.423,689.775,0,0,0,23.72,6,3.953,0.034388025,1,NA,689.775,16.648,0
1HF-Cuba,high,f,1H,678.165,660.953,0,0,0,0,0,0,0,1,NA,660.953,17.212,0
1LF-Baraqiel,low,f,1L,590.435,578.033,84.878,4,0.146839367,76.306,8,9.538,0.132009764,1,148.48,136.078,12.402,1
2CF-Astros,control,f,2C,651.775,638.63,10.71,1,0.016770274,0,0,0,0,1,40.202,27.057,13.145,1
2CF-Braves,control,f,2C,601.382,576.814,0,0,0,18.133,8,2.267,0.031436477,1,NA,576.814,24.568,0
2CF-Cubs,control,f,2C,656.947,646.304,14.446,1,0.022351711,1.733,2,0.867,0.002681401,1,476.822,466.179,10.643,1
2HF-Apex,high,f,2H,625.585,611.84,259.028,2,0.423359048,344.637,40,8.616,0.563279616,1,96.385,82.64,13.745,1
2HF-Battlefield,high,f,2H,638.83,622.248,40.902,3,0.065732634,64.988,14,4.642,0.104440673,1,114.435,97.853,16.582,1
2HF-COD,high,f,2H,683.203,669.125,68.16,3,0.101864375,94.315,35,2.695,0.140952737,1,25.523,11.445,14.078,1
2LF-Accordian,low,f,2L,665.053,650.073,110.096,2,0.169359441,224.962,20,11.248,0.34605652,1,211.62,196.64,14.98,1
2LF-Bassoon,low,f,2L,636.057,618.25,57.753,1,0.093413668,85.998,26,3.308,0.13909907,1,67.39,49.583,17.807,1
2LF-Clarinet,low,f,2L,685.773,664.088,0,0,0,66.758,6,11.126,0.100525834,1,NA,664.088,21.685,0
3CF-Armin,control,f,3C,666.588,648.005,0,0,0,69.562,7,9.937,0.107347937,1,NA,648.005,18.583,0
3CF-Bertholdt,control,f,3C,630.125,608.957,0,0,0,4.267,2,2.134,0.007007063,1,NA,608.957,21.168,0
3CF-Connie,control,f,3C,670.827,655.98,0,0,0,0,0,0,0,1,NA,655.98,14.847,0
3CM-Avdol,control,m,3C,670.192,646.537,22.92,2,0.035450407,2.27,2,1.135,0.003511013,1,521.695,498.04,23.655,1
3CM-Bruno,control,m,3C,618.49,602.488,62.872,2,0.104353946,63.006,10,6.301,0.104576357,1,294.095,278.093,16.002,1
3CM-Caesar,control,m,3C,640.26,625.025,335.3,3,0.536458542,35.971,4,8.993,0.057551298,1,37.803,22.568,15.235,1
3CM-Dio,control,m,3C,612.437,596.557,97.654,2,0.163696009,43.699,6,7.283,0.073252011,1,89.545,73.665,15.88,1
3HF-Cerulean,high,f,3H,601.952,588.884,87.841,2,0.149165201,196.416,38,5.169,0.333539373,1,33.97,20.902,13.068,1
3HF-Blue,high,f,3H,652.228,642.66,58.541,3,0.091091713,10.103,5,2.021,0.015720599,1,245.49,235.922,9.568,1
1LM-Asmodeus,low,m,1L,528.602,504.5,66.739,4,0.132287413,209.769,31,6.767,0.415795837,1,108.343,84.241,24.102,1
2CM-Avalanche,control,m,2C,674.962,645.435,174.922,3,0.271014122,271.84,12,22.653,0.421173317,1,328.057,298.53,29.527,1
2CM-Blues,control,m,2C,354.167,333.332,0,0,0,87.042,10,8.704,0.261127045,1,NA,333.332,20.835,0
2CM-Capitals,control,m,2C,639.927,626.059,72.873,1,0.116399573,164.088,24,6.837,0.262096703,1,109.01,95.142,13.868,1
2HM-Banjo-Kazooie,high,m,2H,620.082,604.769,63.155,1,0.104428302,267.568,30,8.919,0.442430085,1,76.368,61.055,15.313,1
2HM-Castlevania,high,m,2H,634.727,623.684,0,0,0,231.211,29,7.973,0.370718184,1,NA,623.684,11.043,0
2LM-Autoharp,low,m,2L,662.785,648.272,108.495,1,0.167360306,324.489,35,9.271,0.500544525,1,55.95,41.437,14.513,1
2LM-Bass,low,m,2L,630.827,615.125,60.673,2,0.098635237,188.319,25,7.533,0.306147531,1,78.507,62.805,15.702,1
2LM-Cello,low,m,2L,647.86,631.792,75.508,2,0.119514017,116.583,24,4.858,0.184527503,1,62.607,46.539,16.068,1
3HM-Brown,high,m,3H,620.092,600.224,14.335,1,0.02388275,232.459,29,8.016,0.387287079,1,179.183,159.315,19.868,1
7CF-Arcadia,control,f,7C,604.102,589.046,84.16,4,0.14287509,86.272,5,17.254,0.146460548,1,21.184,6.128,15.056,1
7CF-Bytopia,control,f,7C,602.161,580.497,26.544,1,0.045726335,535.409,6,89.235,0.922328625,1,68.112,46.448,21.664,1
7CF-Carceri,control,f,7C,747.168,733.952,28.897,1,0.039371785,40.848,6,6.808,0.055654866,1,585.903,572.687,13.216,1
7CM-Aarakocra,control,m,7C,601.565,590.255,0,0,0,94.085,15,6.272,0.15939721,1,NA,590.255,11.31,0
7CM-Bugbear,control,m,7C,606.446,597.504,0,0,0,32.33,4,8.082,0.054108424,1,NA,597.504,8.942,0
