fish_id,treatment,sex,tank_id,Total length (s),assay_duration,foraging_duration,skimming_duration,skimming_mean_duration,latency_to_feed,start_timestamp,fish_forage_binary
10CM-Acura,control,m,10C,765.634,751.97,29.888,196.865,10.937,50.336,13.664,1
10CM-Bentley,control,m,10C,747.913,734.026,23.533,25.916,4.319,20.45,13.887,1
10CM-Cadillac,control,f,10C,611.378,595.556,0,3.119,1.559,595.556,15.822,0
10HF-Allspice,high,f,10H,666.607,657.607,3.07,0,0,309,9,1
10HF-BlackPepper,high,f,10H,620.148,603.148,0,12.344,3.086,117,17,1
10HF-Cinnamon,high,f,10H,602.932,589.932,14.947,51.812,8.635,550,13,1
10HM-Anise,high,m,10H,605.634,589.634,138.257,258.995,17.266,27,16,1
10HM-Basil,high,m,10H,661.042,651.042,0,86.816,7.892,651.042,10,0
10HM-Cilantro,high,m,10H,629.57,618.57,8.8,68.85,6.885,589,11,1
10LM-BB8,low,m,10L,621.683,609.683,20.853,6.207,3.103,24,12,1
10LM-C3PO,low,m,10L,606.337,593.337,105.191,36.795,5.256,297,13,1
11CF-Arrow,control,f,11C,800.433,785.433,18.211,31.036,4.434,285,15,1
11CF-Bow,control,f,11C,652.532,641.532,278.108,242.747,17.339,114,11,1
11CM-Bowman,control,m,11C,653.585,640.585,84.561,163.136,10.196,118,13,1
11HM-Anole,high,m,11H,669.493,658.493,33.006,105.689,6.606,20,11,1
11LM-Apricot,low,m,11L,617.841,607.841,0,92.656,5.45,607.841,10,0
11LM-Coral,low,m,11L,605.841,596.841,0,71.552,11.925,596.841,9,0
12CF-Austodesk,control,f,12C,676.034,663.034,0,2.336,2.336,663.034,13,0
12CF-Blender,control,f,12C,631.058,620.058,6.191,15.663,5.221,268,11,1
12CF-CAP,control,f,12C,600.528,588.528,124.176,183.984,16.726,111,12,1
12CM-Axis,control,m,12C,659.602,644.602,35.276,176.34,12.596,41,15,1
12CM-Belt,control,m,12C,729.89,709.89,7.471,1.471,1.471,226,20,1
12HM-Ares,high,m,12H,648.912,638.912,0,62.461,6.94,638.912,10,0
12HM-Baccus,high,m,12H,619.542,609.542,0,11.275,2.819,609.542,10,0
13HM-Blush,high,m,13H,615.845,606.845,0,226.135,10.768,606.845,9,0
1HF-Belarus,high,f,1H,678.562,661.562,31.103,220.018,20.002,1,17,1
1HM-Austin,high,m,1H,737.868,710.868,17.201,206.919,34.487,55,27,1
1HM-Budapest,high,m,1H,635.625,613.625,32.603,185.349,26.478,381,22,1
1HM-Chang'an,high,m,1H,633.918,612.918,0,308.727,11.026,612.918,21,0
1LF-Abaddon,low,f,1L,706.423,690.423,0,23.72,3.953,690.423,16,0
1LF-Cassiel,low,f,1L,684.638,668.638,0,0,0,668.638,16,0
1LM-Beelzebub,low,m,1L,562.83,549.83,16.949,109.865,4.578,64,13,1
3HF-Azure,high,f,3H,636.493,605.493,0,0,0,605.493,31,0
3LF-Acacia,low,f,3L,952.161,934.161,74.496,84.512,9.39,89,18,1
3LF-Baobab,low,f,3L,677.313,654.313,72.462,96.321,3.853,36,23,1
3LF-Cedar,low,f,3L,600.847,581.847,46.896,137.056,17.132,108,19,1
3LM-Aconite,low,m,3L,636.769,608.769,63.744,284.415,13.544,231,28,1
3LM-Bluebonnet,low,m,3L,631.648,603.648,118.016,284.842,8.632,81,28,1
4HM-ABBA,high,m,4H,704.322,689.322,198.175,267.069,12.139,30,15,1
6CF-Avocet,control,f,6C,603.333,593.333,0,0,0,593.333,10,0
6CF-Bulbul,control,f,6C,603.633,589.633,59.219,366.161,13.077,55,14,1
6CF-Coot,control,f,6C,427.345,401.345,49.776,53.567,26.784,384,26,1
6CM-Armadillo,control,m,6C,610.205,600.205,165.78,135.691,33.923,414,10,1
6CM-Bear,control,m,6C,646.637,635.637,145.094,428.146,17.839,41,11,1
6HF-Arboliva,high,f,6H,605.268,588.268,5.872,8.74,2.913,235,17,1
6HF-Bellsprout,high,f,6H,605.319,591.319,20.819,26.256,2.917,66,14,1
6HF-Chikorita,high,f,6H,639.825,626.825,80.512,101.453,6.764,244,13,1
6HM-Arrokuda,high,m,6H,603.409,587.409,0,24.496,6.124,587.409,16,0
6HM-Blastoise,high,m,6H,614.369,600.369,2.256,29.552,3.694,188,14,1
6HM-Chewtle,high,m,6H,649.488,628.488,10.528,1.744,1.744,80,21,1
6HM-Dewgong,high,m,6H,636.624,627.624,0,30.896,6.179,627.624,9,0
6LF-Ant,low,f,6L,610.609,582.609,54.8,322.352,14.652,26,28,1
6LF-Bee,low,f,6L,607.526,590.526,0,3.009,1.505,590.526,17,0
6LF-Cricket,low,f,6L,602.297,585.297,72.431,294.927,11.797,46,17,1
6LM-Anchovy,low,m,6L,608.037,597.037,0,0,0,597.037,11,0
8CF-Arcanine,control,f,8C,666.913,641.913,0,1.088,1.088,641.913,25,0
8CF-Braixen,control,f,8C,603.507,592.507,75.744,419.362,13.528,7,11,1
8CF-Charmander,control,f,8C,635.09,621.09,46.257,42.576,2.838,18,14,1
8CM-Abra,control,m,8C,648.226,623.226,50.672,48.48,5.387,20,25,1
9LF-Bloodstone,low,f,9L,594.925,584.925,70.228,200.908,11.162,133,10,1
9LF-Carnelian,low,f,9L,598.632,585.632,74.904,135.119,6.142,170,13,1
9LM-Citrine,low,m,9L,600.997,587.997,216.758,275.544,7.251,2,13,1
11CM-Archer,control,m,11C,816.929,803.137,128.672,440.224,18.343,51.488,13.792,1
1HF-Argentina,high,f,1H,740.06,718.07,52.233,146.158,5.846,329.495,21.99,1
4CF-Albali,control,f,4C,739.378,728.674,36.128,19.696,4.924,127.44,10.704,1
4CF-Bellatrix,control,f,4C,722.594,703.122,23.633,16.304,16.304,590.128,19.472,1
4CF_Castor,control,f,4C,706.706,680.146,0,25.183,8.394,680.146,26.56,0
4CM-Blackeye,control,m,4C,643.33,611.474,28.176,144.673,5.358,454.512,31.856,1
4HF-ArianaGrande,high,f,4H,758.081,747.073,10.831,52.542,2.765,145.425,11.008,1
4HF-Beyonce,high,f,4H,637.361,621.377,50.24,36.592,4.066,391.904,15.984,1
4HF-ChappellRoan,high,f,4H,638.32,623.904,176.48,304.623,12.185,79.712,14.416,1
4HM-ABBA_Foraging,high,m,4H,704.322,689.175,198.175,267.069,12.139,30.793,15.147,1
4HM-Beatles,high,m,4H,602.518,581.133,225.967,356.545,14.856,30.393,21.385,1
4HM-Coldplay,high,m,4H,611.673,590.788,10.577,30.059,4.294,47.675,20.885,1
4LF-Arabic,low,f,4L,714.096,700.304,88.064,267.037,5.682,0.24,13.792,1
4LF-Bangla,low,f,4L,703.188,684.571,54.848,103.593,6.094,118.138,18.617,1
4LF-Cantonese,low,f,4L,773.617,754.467,118.537,179.952,5.453,129.582,19.15,1
4LM-Assembly,low,m,4L,775.024,759.424,126.831,398.782,13.751,305.6,15.6,1
5CF-Ammonia,control,f,5C,760.845,743.648,108.118,122.566,6.809,137.858,17.197,1
5CM-Aluminum,control,m,5C,705.457,684.305,0,0,0,684.305,21.152,0
5CM-Boron,control,m,5C,757.921,738.481,0,0,0,738.481,19.44,0
5HF-An,high,f,5H,617.392,602.704,85.456,345.919,11.531,66.576,14.688,1
5HF-Billal,high,f,5H,601.984,584.224,41.551,169.521,11.301,183.216,17.76,1
5HF-Casey,high,f,5H,612.736,600,5.52,84.816,4.241,285.775,12.736,1
5HM-Archery,high,m,5H,652.177,636.33,196.107,209.711,6.99,104.993,15.847,1
5HM-Boxing,high,m,5H,629.823,609.538,107.694,249.014,11.858,36.632,20.285,1
5HM-Canoeing,high,m,5H,609.337,592.255,83.642,98.449,7.032,237.01,17.082,1
5HM-Diving,high,m,5H,641.667,629.424,0,0,0,629.424,12.243,0
5LF-Aigna,low,f,5L,607.328,592.144,85.903,146.448,7.322,206.512,15.184,1
5LF-Bala,low,f,5L,604.933,589.753,31.861,392.119,10.319,64.557,15.18,1
5LF-Ceron,low,f,5L,602.767,583.117,27.923,46.904,5.212,176.257,19.65,1
5LM-Arun,low,m,5L,605.637,591.992,60.488,86.543,12.363,334.095,13.645,1
5LM-Braern,low,m,5L,602.336,587.68,0,26.592,8.864,587.68,14.656,0
5LM-Corym,low,m,5L,601.052,586.204,102.688,55.484,3.963,210.448,14.848,1
7LF-Akali,low,f,7L,606.112,584.848,0,7.665,2.555,584.848,21.264,0
7LF-Briar,low,f,7L,601.005,586.425,17.45,35.096,3.51,139.49,14.58,1
7LM-Azir,low,m,7L,678.864,648.352,46.576,78.368,5.598,203.712,30.512,1
7LM-Braum,low,m,7L,639.497,625.15,9.208,24.723,6.181,422.373,14.347,1
8LM-Anthony,low,m,8L,648.862,628.715,0,0,0,628.715,20.147,0
8LM-Benedict,low,m,8L,655.05,638.505,94.263,123.262,13.696,19.863,16.545,1
8LF-Agatha,low,f,8L,688.705,670.353,51.536,52.129,4.739,3.968,18.352,1
8LF-Brimsley,low,f,8L,686.433,667.041,110.545,186.72,3.811,19.488,19.392,1
8LF-Charlotte,low,f,8L,765.105,745.313,0,0,0,745.313,19.792,0
9LF-Amber,low,f,9L,604.88,591.52,68,88.289,8.026,427.855,13.36,1
9LM-Amethyst,low,m,9L,602.701,589.901,61.04,349.247,14.552,15.488,12.8,1
9LM-Barite,low,m,9L,603.249,593.185,85.184,50.512,7.216,23.664,10.064,1
1HF-Abaddon,high,f,1H,706.423,689.775,0,23.72,3.953,689.775,16.648,0
1HF-Cuba,high,f,1H,678.165,660.953,0,0,0,660.953,17.212,0
1LF-Baraqiel,low,f,1L,590.435,578.033,84.878,76.306,9.538,136.078,12.402,1
2CF-Astros,control,f,2C,651.775,638.63,10.71,0,0,27.057,13.145,1
2CF-Braves,control,f,2C,601.382,576.814,0,18.133,2.267,576.814,24.568,0
2CF-Cubs,control,f,2C,656.947,646.304,14.446,1.733,0.867,466.179,10.643,1
2HF-Apex,high,f,2H,625.585,611.84,259.028,344.637,8.616,82.64,13.745,1
2HF-Battlefield,high,f,2H,638.83,622.248,40.902,64.988,4.642,97.853,16.582,1
2HF-COD,high,f,2H,683.203,669.125,68.16,94.315,2.695,11.445,14.078,1
2LF-Accordian,low,f,2L,665.053,650.073,110.096,224.962,11.248,196.64,14.98,1
2LF-Bassoon,low,f,2L,636.057,618.25,57.753,85.998,3.308,49.583,17.807,1
2LF-Clarinet,low,f,2L,685.773,664.088,0,66.758,11.126,664.088,21.685,0
3CF-Armin,control,f,3C,666.588,648.005,0,69.562,9.937,648.005,18.583,0
3CF-Bertholdt,control,f,3C,630.125,608.957,0,4.267,2.134,608.957,21.168,0
3CF-Connie,control,f,3C,670.827,655.98,0,0,0,655.98,14.847,0
3CM-Avdol,control,m,3C,670.192,646.537,22.92,2.27,1.135,498.04,23.655,1
3CM-Bruno,control,m,3C,618.49,602.488,62.872,63.006,6.301,278.093,16.002,1
3CM-Caesar,control,m,3C,640.26,625.025,335.3,35.971,8.993,22.568,15.235,1
3CM-Dio,control,m,3C,612.437,596.557,97.654,43.699,7.283,73.665,15.88,1
3HF-Cerulean,high,f,3H,601.952,588.884,87.841,196.416,5.169,20.902,13.068,1
3HF-Blue,high,f,3H,652.228,642.66,58.541,10.103,2.021,235.922,9.568,1
1LM-Asmodeus,low,m,1L,528.602,504.5,66.739,209.769,6.767,84.241,24.102,1
2CM-Avalanche,control,m,2C,674.962,645.435,174.922,271.84,22.653,298.53,29.527,1
2CM-Blues,control,m,2C,354.167,333.332,0,87.042,8.704,333.332,20.835,0
2CM-Capitals,control,m,2C,639.927,626.059,72.873,164.088,6.837,95.142,13.868,1
2HM-Banjo-Kazooie,high,m,2H,620.082,604.769,63.155,267.568,8.919,61.055,15.313,1
2HM-Castlevania,high,m,2H,634.727,623.684,0,231.211,7.973,623.684,11.043,0
2LM-Autoharp,low,m,2L,662.785,648.272,108.495,324.489,9.271,41.437,14.513,1
2LM-Bass,low,m,2L,630.827,615.125,60.673,188.319,7.533,62.805,15.702,1
2LM-Cello,low,m,2L,647.86,631.792,75.508,116.583,4.858,46.539,16.068,1
3HM-Brown,high,m,3H,620.092,600.224,14.335,232.459,8.016,159.315,19.868,1
7CF-Arcadia,control,f,7C,604.102,589.046,84.16,86.272,17.254,6.128,15.056,1
7CF-Bytopia,control,f,7C,602.161,580.497,26.544,535.409,89.235,46.448,21.664,1
7CF-Carceri,control,f,7C,747.168,733.952,28.897,40.848,6.808,572.687,13.216,1
7CM-Aarakocra,control,m,7C,601.565,590.255,0,94.085,6.272,590.255,11.31,0
7CM-Bugbear,control,m,7C,606.446,597.504,0,32.33,8.082,597.504,8.942,0
