fish_id,tank_id,treatment,sex,mp_total,mp_brain,mp_gills,mp_guts,mp_gonads
1CF-Apple,1C,Control,Female,NA,NA,NA,NA,NA
1CM-Asparagus,1C,Control,Male,NA,NA,NA,NA,NA
1CF-Banana,1C,Control,Female,NA,NA,NA,NA,NA
1CM-Broccoli,1C,Control,Male,NA,NA,NA,NA,NA
1CF-Cantaloupe,1C,Control,Female,NA,NA,NA,NA,NA
1HF-Argentina,1H,High,Female,4,0,1,1,2
1HM-Austin,1H,High,Male,1,0,1,NA,0
1HF-Belarus,1H,High,Female,2,0,1,1,0
1HM-Budapest,1H,High,Male,0,0,NA,0,0
1HF-Cuba,1H,High,Female,3,0,1,1,1
1HM-Changan,1H,High,Male,0,0,0,0,0
1LF-Abaddon,1L,Low,Female,2,0,1,1,0
1LM-Asmodeus,1L,Low,Male,0,0,0,0,NA
1LF-Baraqiel,1L,Low,Female,0,0,0,0,0
1LM-Beelzebub,1L,Low,Male,1,0,0,1,0
1LF-Cassiel,1L,Low,Female,1,0,1,0,0
2CF-Astros,2C,Control,Female,NA,NA,NA,NA,NA
2CM-Avalanche,2C,Control,Male,NA,NA,NA,NA,NA
2CF-Braves,2C,Control,Female,NA,NA,NA,NA,NA
2CM-Blues,2C,Control,Male,NA,NA,NA,NA,NA
2CF-Cubs,2C,Control,Female,NA,NA,NA,NA,NA
2CM-Capitals,2C,Control,Male,NA,NA,NA,NA,NA
2HF-Apex,2H,High,Female,1,0,1,0,0
2HM-Banjo-Kazooie,2H,High,Male,0,0,0,0,0
2HF-Battlefield,2H,High,Female,1,0,0,1,NA
2HM-Castlevania,2H,High,Male,3,0,2,1,0
2HF-COD,2H,High,Female,2,0,1,1,0
2LM-Accordian,2L,Low,Male,4,1,1,1,1
2LF-Autoharp,2L,Low,Female,1,0,1,0,0
2LF-Bassoon,2L,Low,Female,0,0,0,0,0
2LM-Bass,2L,Low,Male,2,0,1,1,NA
2LF-Clarinet,2L,Low,Female,2,0,NA,0,2
2LM-Cello,2L,Low,Male,3,1,2,NA,0
3CF-Armin,3C,Control,Female,NA,NA,NA,NA,NA
3CM-Avdol,3C,Control,Male,NA,NA,NA,NA,NA
3CF-Bertholdt,3C,Control,Female,NA,NA,NA,NA,NA
3CM-Bruno,3C,Control,Male,NA,NA,NA,NA,NA
3CF-Connie,3C,Control,Female,NA,NA,NA,NA,NA
3CM-Caesar,3C,Control,Male,NA,NA,NA,NA,NA
3CM-Dio,3C,Control,Male,NA,NA,NA,NA,NA
3HM-Auburn,3H,High,Male,0,0,0,0,0
3HM-Brown,3H,High,Male,1,0,1,0,0
3HF-Azure,3H,High,Female,0,0,0,0,0
3HF-Cerulean,3H,High,Female,2,0,1,1,0
3HF-Blue,3H,High,Female,1,1,0,0,0
3LF-Acacia,3L,Low,Female,3,2,0,0,1
3LF-Baobab,3L,Low,Female,0,0,0,0,0
3LM-Aconite,3L,Low,Male,0,0,0,0,0
3LM-Bluebonnet,3L,Low,Male,1,0,0,1,0
3LF-Cedar,3L,Low,Female,0,0,0,0,0
4CF-Albali,4C,Control,Female,NA,NA,NA,NA,NA
4CM-Andromeda,4C,Control,Male,NA,NA,NA,NA,NA
4CF-Bellatrix,4C,Control,Female,NA,NA,NA,NA,NA
4CM-Blackeye,4C,Control,Male,NA,NA,NA,NA,NA
4CF-Castor,4C,Control,Female,NA,NA,NA,NA,NA
4HF-ArianaGrande,4H,High,Female,2,0,1,1,0
4HM-ABBA,4H,High,Male,1,0,1,0,0
4HF-Beyonce,4H,High,Female,0,0,0,0,0
4HM-Beatles,4H,High,Male,0,0,0,0,0
4HF-ChappellRoan,4H,High,Female,0,0,0,0,0
4HM-Coldplay,4H,High,Male,1,0,1,0,0
4LF-Arabic,4L,Low,Female,0,0,0,0,0
4LM-Assembly,4L,Low,Male,0,0,0,0,0
4LF-Bangla,4L,Low,Female,0,0,0,0,0
4LF-Cantonese,4L,Low,Female,1,0,1,0,0
5CF-Ammonia,5C,Control,Female,NA,NA,NA,NA,NA
5CM-Aluminum,5C,Control,Male,NA,NA,NA,NA,NA
5CM-Boron,5C,Control,Male,NA,NA,NA,NA,NA
5HF-An,5H,High,Female,1,0,1,0,0
5HM-Archery,5H,High,Male,0,0,0,0,0
5HF-Billal,5H,High,Female,2,0,2,0,0
5HM-Canoeing,5H,High,Male,0,0,0,0,0
5HF-Casey,5H,High,Female,2,0,1,1,0
5HM-Boxing,5H,High,Male,1,0,1,0,0
5HM-Diving,5H,High,Male,1,0,1,0,0
5LF-Aigna,5L,Low,Female,1,1,0,0,0
5LM-Arun,5L,Low,Male,2,0,1,1,0
5LF-Bala,5L,Low,Female,1,NA,0,1,0
5LM-Braern,5L,Low,Male,0,0,0,0,0
5LF-Ceron,5L,Low,Female,1,0,1,0,0
5LM-Corym,5L,Low,Male,0,0,0,0,0
6CM-Armadillo,6C,Control,Male,NA,NA,NA,NA,NA
6CF-Avocet,6C,Control,Female,NA,NA,NA,NA,NA
6CM-Bear,6C,Control,Male,NA,NA,NA,NA,NA
6CF-Bulbul,6C,Control,Female,NA,NA,NA,NA,NA
6CF-Coot,6C,Control,Female,NA,NA,NA,NA,NA
6LF-Ant,6L,Low,Female,1,0,1,0,0
6LM-Anchovy,6L,Low,Male,0,0,NA,0,NA
6LF-Bee,6L,Low,Female,2,0,1,1,0
6LF-Cricket,6L,Low,Female,0,0,0,0,0
7CF-Arcadia,7C,Control,Female,NA,NA,NA,NA,NA
7CF-Carceri,7C,Control,Female,NA,NA,NA,NA,NA
7CM-Aarakocra,7C,Control,Male,NA,NA,NA,NA,NA
7CM-Bugbear,7C,Control,Male,NA,NA,NA,NA,NA
7LF-Akali,7L,Low,Female,2,1,1,0,0
7LM-Azir,7L,Low,Male,1,0,1,0,NA
7LF-Briar,7L,Low,Female,1,NA,0,0,1
7LM-Braum,7L,Low,Male,0,0,0,0,0
8LF-Agatha,8L,Low,Female,0,0,0,0,0
8LM-Anthony,8L,Low,Male,0,0,0,0,NA
8LF-Brimsley,8L,Low,Female,1,0,0,1,0
8LM-Benedict,8L,Low,Male,1,0,1,0,0
8LF-Charlotte,8L,Low,Female,0,0,0,0,NA
8LM-Colin,8L,Low,Male,3,1,0,0,2
8CF-Arcanine,8C,Control,Female,NA,NA,NA,NA,NA
8CF-Charmander,8C,Control,Female,NA,NA,NA,NA,NA
8CM-Abra,8C,Control,Male,NA,NA,NA,NA,NA
8CF-Braixen,8C,Control,Female,NA,NA,NA,NA,NA
6HM-Arrokuda,6H,High,Male,0,0,0,0,0
6HM-Blastoise,6H,High,Male,0,0,0,0,0
6HM-Chewtle,6H,High,Male,1,NA,1,0,0
6HM-Dewgong,6H,High,Male,0,0,0,0,0
6HF-Arboliva,6H,High,Female,1,0,1,0,0
6HF-Bellsprout,6H,High,Female,0,0,0,0,0
6HF-Chikorita,6H,High,Female,0,0,0,0,0
7HF-Aperture,7H,High,Female,1,0,1,0,0
7HM-Acrylic,7H,High,Male,1,0,1,0,0
7HF-Bitmap,7H,High,Female,3,0,1,1,1
7HM-Baroque,7H,High,Male,0,0,0,0,0
7HF-Chromatic,7H,High,Female,1,0,1,0,0
7HM-Collage,7H,High,Male,1,0,1,0,0
9CF-Abigail,9C,Control,Female,NA,NA,NA,NA,NA
9CM-Andrew,9C,Control,Male,NA,NA,NA,NA,NA
9CF-Barbara,9C,Control,Female,NA,NA,NA,NA,NA
9CM-Bill,9C,Control,Male,NA,NA,NA,NA,NA
9CF-Claudia,9C,Control,Female,NA,NA,NA,NA,NA
9CM-Chester,9C,Control,Male,NA,NA,NA,NA,NA
9CM-Donald,9C,Control,Male,NA,NA,NA,NA,NA
9LF-Amber,9L,Low,Female,2,0,1,1,NA
9LM-Amethyst,9L,Low,Male,0,0,0,0,0
9LF-Bloodstone,9L,Low,Female,1,NA,0,1,0
9LM-Barite,9L,Low,Male,0,0,0,0,0
9LF-Carnelian,9L,Low,Female,0,0,0,0,0
9LM-Citrine,9L,Low,Male,0,0,0,0,0
10CF-Accelerator,10C,Control,Female,NA,NA,NA,NA,NA
10CM-Acura,10C,Control,Male,NA,NA,NA,NA,NA
10CF-Breaks,10C,Control,Female,NA,NA,NA,NA,NA
10CM-Bentley,10C,Control,Male,NA,NA,NA,NA,NA
10CF-Carburetor,10C,Control,Female,NA,NA,NA,NA,NA
10CM-Cadillac,10C,Control,Male,NA,NA,NA,NA,NA
10LF-Anakin,10L,Low,Female,0,0,0,0,0
10LF-Bobafett,10L,Low,Female,NA,NA,NA,NA,NA
10LM-C3PO,10L,Low,Male,NA,NA,NA,NA,NA
10HF-Allspice,10H,High,Female,1,0,1,0,0
10HM-Anise,10H,High,Male,0,0,0,0,0
10HF-BlackPepper,10H,High,Female,1,0,1,0,0
10HM-Basil,10H,High,Male,1,0,1,0,0
10HF-Cinnamon,10H,High,Female,0,0,0,0,0
10HM-Cilantro,10H,High,Male,0,NA,0,0,0
11CF-Arrow,11C,Control,Female,NA,NA,NA,NA,NA
11CM-Archer,11C,Control,Male,NA,NA,NA,NA,NA
11CF-Bow,11C,Control,Female,NA,NA,NA,NA,NA
11CM-Bowman,11C,Control,Male,NA,NA,NA,NA,NA
11CF-Crossbow,11C,Control,Female,NA,NA,NA,NA,NA
11HM-Anole,11H,High,Male,2,0,1,1,0
11HM-Basilisk,11H,High,Male,0,0,0,0,NA
11HM-Chameleon,11H,High,Male,1,NA,1,0,0
12CF-Autodesk,12C,Control,Female,NA,NA,NA,NA,NA
12CM-Axis,12C,Control,Male,NA,NA,NA,NA,NA
12CF-Blender,12C,Control,Female,NA,NA,NA,NA,NA
12CM-Belt,12C,Control,Male,NA,NA,NA,NA,NA
12CF-CAD,12C,Control,Female,NA,NA,NA,NA,NA
12HM-Ares,12H,High,Male,2,0,1,0,1
12HM-Baccus,12H,High,Male,0,NA,0,0,0
12HM-Cronnus,12H,High,Male,1,0,0,1,0
13HM-Amaranth,13H,High,Male,0,0,0,0,NA
13HM-Blush,13H,High,Male,1,0,0,1,0
13HM-Cerise,13H,High,Male,1,0,1,0,0
11LM-Apricot,11L,Low,Male,1,0,1,0,0
11LM-Burnt,11L,Low,Male,0,0,0,0,0
11LM-Coral,11L,Low,Male,0,0,0,0,0
