fish_id,standard_length,gonopodia_length,bw_wet,brain_wet,gills_wet,gi_wet,gonads_wet,feeding_Total.length..s.,feeding_assay_duration,feeding_foraging_duration,feeding_ASR_duration,feeding_ASR_mean_duration,feeding_start_binary,feeding_latency_to_feed,feeding_start_timestamp,feeding_fish_forage_binary,Sex.x,Treatment.x,Scototaxis_Distance_moved_Total_cm,Scototaxis_Cumulative_Duration_Total_Black,Tank_ID,Detour_Engages_with_barrier_sec_corrected,Detour_Solve_Time
1CF-Apple,2.659,NA,0.9189,0.0097,0.204,0.0467,0.0354,NA,NA,NA,NA,NA,NA,NA,NA,NA,F,C,2109.17,352.052,1C,50,600
1CM-Asparagus,NA,0.656,0.1955,0.0048,0.0037,0.0107,0.0045,NA,NA,NA,NA,NA,NA,NA,NA,NA,M,C,NA,NA,1C,16,9
1CF-Banana,4.003,NA,NA,0.0112,0.025,0.0266,0.0983,NA,NA,NA,NA,NA,NA,NA,NA,NA,F,C,2132.93,444.887,1C,17,418
1CM-Broccoli,2.494,0.756,0.2457,0.0041,0.0043,0.0039,0.0058,NA,NA,NA,NA,NA,NA,NA,NA,NA,M,C,NA,NA,1C,16,600
1CF-Cantaloupe,3.759,NA,0.9309,0.009,0.0221,0.0275,0.0139,NA,NA,NA,NA,NA,NA,NA,NA,NA,F,C,2725.25,444,1C,55,600
1HF-Argentina,3.204,NA,0.504,0.0106,0.007,0.0122,0.08,740.06,718.07,52.233,146.158,5.846,1,329.495,21.99,1,F,H,2601.8,220.506,1H,NA,NA
1HM-Austin,NA,NA,0.0972,0.0032,0.005,0.0019,0.001,737.868,710.868,17.201,206.919,34.487,1,55,27,1,M,H,997.188,50.4341,1H,12,47
1HF-Belarus,3.429,NA,0.6403,0.0061,0.0235,0.0162,0.0223,678.562,661.562,31.103,220.018,20.002,1,1,17,1,F,H,2441.19,467.417,1H,16,4
1HM-Budapest,2.334,NA,0.1674,0.04,0.0027,0.003,0.0055,635.625,613.625,32.603,185.349,26.478,1,381,22,1,M,H,2061.36,347.024,1H,1,28
1HF-Cuba,2.937,NA,0.4312,0.0064,0.0093,0.0094,0.0478,678.165,660.953,0,0,0,1,660.953,17.212,0,F,H,1940.95,481.966,1H,1,7
1HM-Changan,2.049,0.562,0.1039,0.0039,0.0033,0.0022,0.0021,633.918,612.918,0,308.727,11.026,1,612.918,21,0,M,H,1942.54,484.305,1H,5,196
1LF-Abaddon,3.416,NA,0.6355,0.0074,0.0172,0.0214,0.0054,706.423,690.423,0,23.72,3.953,1,690.423,16,0,F,L,1623.13,353.706,1L,30,87
1LM-Asmodeus,1.864,0.651,0.1002,0.003,0.0027,0.0016,0.0022,528.602,504.5,66.739,209.769,6.767,1,84.241,24.102,1,M,L,2006.13,484.579,1L,116,217
1LF-Baraqiel,3.356,NA,0.4918,0.0075,0.0105,0.0188,0.0045,590.435,578.033,84.878,76.306,9.538,1,136.078,12.402,1,F,L,2157.4,521.112,1L,4,109
1LM-Beelzebub,2.116,0.694,0.1398,0.0034,0.0024,0.0017,0.0052,562.83,549.83,16.949,109.865,4.578,1,64,13,1,M,L,432.593,322.733,1L,11,190
1LF-Cassiel,3.696,NA,0.7195,0.0082,0.013,0.0258,0.041,684.638,668.638,0,0,0,1,668.638,16,0,F,L,2270.67,551.836,1L,14,111
2CF-Astros,3.33,NA,0.6296,0.0059,0.008,0.0222,0.01429,651.775,638.63,10.71,0,0,1,27.057,13.145,1,F,C,2266.72,459.231,2C,54,242
2CM-Avalanche,2.431,0.66,0.2023,0.0033,0.0029,0.0026,0.0049,674.962,645.435,174.922,271.84,22.653,1,298.53,29.527,1,M,C,2061.75,488.208,2C,16,63
2CF-Braves,2.286,NA,0.1725,0.0038,0.0025,0.0025,NA,601.382,576.814,0,18.133,2.267,1,576.814,24.568,0,F,C,2750.66,417.788,2C,14,159
2CM-Blues,2.257,0.717,0.1782,0.003,0.0026,0.0036,0.0032,354.167,333.332,0,87.042,8.704,1,333.332,20.835,0,M,C,1987.51,369.833,2C,47,274
2CF-Cubs,2.93,NA,0.3556,0.005,0.0104,0.0074,0.0038,656.947,646.304,14.446,1.733,0.867,1,466.179,10.643,1,F,C,1208.73,410.081,2C,35,5
2CM-Capitals,2.228,0.643,0.1629,0.039,0.0038,0.0019,0.003,639.927,626.059,72.873,164.088,6.837,1,95.142,13.868,1,M,C,2496.69,447.412,2C,8,8
2HF-Apex,3.287,NA,0.4611,0.0075,0.0167,0.0143,0.0022,625.585,611.84,259.028,344.637,8.616,1,82.64,13.745,1,F,H,NA,NA,2H,24,44
2HM-Banjo-Kazooie,2.512,0.771,0.2354,0.0055,0.0043,0.0046,0.0056,620.082,604.769,63.155,267.568,8.919,1,61.055,15.313,1,M,H,NA,NA,2H,17,92
2HF-Battlefield,3.316,NA,0.5952,0.0064,0.0114,0.0188,0.0306,638.83,622.248,40.902,64.988,4.642,1,97.853,16.582,1,F,H,NA,NA,2H,24,228
2HM-Castlevania,2.161,0.651,0.1572,0.0042,0.0044,0.0036,0.0035,634.727,623.684,0,231.211,7.973,1,623.684,11.043,0,M,H,NA,NA,2H,5,86
2HF-COD,3.647,NA,0.7421,0.0093,0.0177,0.025,0.0095,683.203,669.125,68.16,94.315,2.695,1,11.445,14.078,1,F,H,2439.64,306,2H,43,600
2LM-Accordian,2.328,0.717,0.3712,0.0059,0.0085,0.0068,0.0016,665.053,650.073,110.096,224.962,11.248,1,196.64,14.98,1,M,L,2417.02,486.819,2L,21,29
2LF-Autoharp,2.832,NA,0.2058,0.0048,0.0027,0.0041,0.0017,662.785,648.272,108.495,324.489,9.271,1,41.437,14.513,1,F,L,2173.61,471.213,2L,54,124
2LF-Bassoon,2.945,NA,0.4303,0.0072,0.01,0.0122,0.0067,636.057,618.25,57.753,85.998,3.308,1,49.583,17.807,1,F,L,3198.48,287.958,2L,11,285
2LM-Bass,2.213,0.66,0.1632,0.0027,0.0021,0.0024,0.003,630.827,615.125,60.673,188.319,7.533,1,62.805,15.702,1,M,L,1850.67,428.375,2L,37,600
2LF-Clarinet,3.737,NA,0.6477,0.0093,0.0203,0.0153,0.0126,685.773,664.088,0,66.758,11.126,1,664.088,21.685,0,F,L,1212.51,284.039,2L,21,247
2LM-Cello,2.247,0.685,0.1483,0.0035,0.0019,0.0026,0.0026,647.86,631.792,75.508,116.583,4.858,1,46.539,16.068,1,M,L,2294.34,277.604,2L,13,103
3CF-Armin,3.528,NA,0.6799,0.0066,0.0079,0.0095,0.0432,666.588,648.005,0,69.562,9.937,1,648.005,18.583,0,F,C,2703.67,329.347,3C,90,58
3CM-Avdol,2.555,0.662,0.2107,0.0021,0.0017,0.0031,0.002,670.192,646.537,22.92,2.27,1.135,1,498.04,23.655,1,M,C,2430.36,413.44,3C,39,71
3CF-Bertholdt,3.366,NA,0.4947,0.0063,0.008,0.0105,0.0024,630.125,608.957,0,4.267,2.134,1,608.957,21.168,0,F,C,3743.26,388.753,3C,38,19
3CM-Bruno,2.037,0.675,0.105,0.0025,0.0011,0.0018,0.0012,618.49,602.488,62.872,63.006,6.301,1,278.093,16.002,1,M,C,2104.79,393.865,3C,NA,NA
3CF-Connie,3.103,NA,0.4439,0.0049,0.0093,0.01,0.0329,670.827,655.98,0,0,0,1,655.98,14.847,0,F,C,2431.19,485.822,3C,89,92
3CM-Caesar,2.235,0.734,0.1829,0.0042,0.0014,0.0027,0.0039,640.26,625.025,335.3,35.971,8.993,1,22.568,15.235,1,M,C,1607.74,235.831,3C,28,22
3CM-Dio,2.436,NA,0.2086,0.0046,0.005,0.003,0.0054,612.437,596.557,97.654,43.699,7.283,1,73.665,15.88,1,M,C,1927.54,478.426,3C,50,6
3HM-Auburn,NA,NA,0.1365,0.0044,0.003,0.0016,0.001,NA,NA,NA,NA,NA,NA,NA,NA,NA,M,H,3388.35,170.211,3H,89,496
3HM-Brown,2.329,0.73,0.1451,0.0038,0.0022,0.0016,0.0027,620.092,600.224,14.335,232.459,8.016,1,159.315,19.868,1,M,H,1449.87,386.326,3H,31,5
3HF-Azure,3.019,NA,0.4335,0.0072,0.0093,0.0124,0.0079,636.493,605.493,0,0,0,1,605.493,31,0,F,H,2936.7,404.401,3H,155,600
3HF-Cerulean,2.855,NA,0.4347,0.0069,0.0105,0.0126,0.0137,601.952,588.884,87.841,196.416,5.169,1,20.902,13.068,1,F,H,4361.33,486.933,3H,54,108
3HF-Blue,3.329,NA,0.5883,0.0079,0.0099,0.013,0.066,652.228,642.66,58.541,10.103,2.021,1,235.922,9.568,1,F,H,NA,NA,3H,88,70
3LF-Acacia,3.258,NA,0.4281,0.0071,0.0124,0.0114,0.0084,952.161,934.161,74.496,84.512,9.39,1,89,18,1,F,L,2225.75,443.765,3L,11,600
3LF-Baobab,3.671,NA,0.7602,0.0056,0.0104,0.0203,0.0226,677.313,654.313,72.462,96.321,3.853,1,36,23,1,F,L,1102.79,397.636,3L,71,72
3LM-Aconite,2.221,0.68,0.1579,0.0035,0.0017,0.0025,0.0034,636.769,608.769,63.744,284.415,13.544,1,231,28,1,M,L,2758.01,457.528,3L,NA,NA
3LM-Bluebonnet,2.058,0.668,0.133,0.0034,0.002,0.0025,0.0011,631.648,603.648,118.016,284.842,8.632,1,81,28,1,M,L,422.898,6.09231,3L,45,22
3LF-Cedar,NA,NA,0.5659,0.0074,0.0115,0.0149,0.0139,600.847,581.847,46.896,137.056,17.132,1,108,19,1,F,L,2312.87,451.719,3L,18,89
4CF-Albali,2.729,NA,0.311,0.0061,0.0052,0.0075,0.0018,739.378,728.674,36.128,19.696,4.924,1,127.44,10.704,1,F,C,3005.66,363.946,4C,11,114
4CM-Andromeda,2.234,0.656,0.285,0.0048,0.004,0.0073,0.0024,NA,NA,NA,NA,NA,NA,NA,NA,NA,M,C,1973.1,479.976,4C,NA,NA
4CF-Bellatrix,2.653,NA,0.285,0.0048,0.004,0.0073,0.0024,722.594,703.122,23.633,16.304,16.304,1,590.128,19.472,1,F,C,1096.01,549.176,4C,2,241
4CM-Blackeye,2.229,0.659,0.1576,0.0036,0.0022,0.0039,0.0027,643.33,611.474,28.176,144.673,5.358,1,454.512,31.856,1,M,C,1691.61,427.059,4C,40,24
4CF-Castor,2.958,NA,0.3871,0.0083,0.0067,0.0092,0.0139,706.706,680.146,0,25.183,8.394,1,680.146,26.56,0,NA,NA,NA,NA,NA,NA,NA
4HF-ArianaGrande,2.504,NA,0.2725,0.0029,0.0038,0.0078,0.002,758.081,747.073,10.831,52.542,2.765,1,145.425,11.008,1,F,H,1794.7,423.222,4H,2,600
4HM-ABBA,2.197,0.703,0.1469,0.0012,0.001,0.0015,0.0012,704.322,689.322,198.175,267.069,12.139,1,30,15,1,M,H,2251.8,389.711,4H,23,90
4HF-Beyonce,2.982,NA,0.3816,0.0045,0.0045,0.0139,0.0125,637.361,621.377,50.24,36.592,4.066,1,391.904,15.984,1,F,H,1296.61,534.925,4H,26,57
4HM-Beatles,2.301,0.776,0.1625,0.0035,0.0026,0.0039,0.0017,602.518,581.133,225.967,356.545,14.856,1,30.393,21.385,1,M,H,1843.02,465.66,4H,18,4
4HF-ChappellRoan,2.627,NA,0.2692,0.0051,0.004,0.0069,0.0268,638.32,623.904,176.48,304.623,12.185,1,79.712,14.416,1,F,H,1698.21,495.501,4H,21,27
4HM-Coldplay,2.731,0.833,0.2293,0.0026,0.0022,0.0026,0.0017,611.673,590.788,10.577,30.059,4.294,1,47.675,20.885,1,M,H,1640.9,466.736,4H,41,19
4LF-Arabic,3.814,NA,0.8067,0.0097,0.012,0.0229,0.0261,714.096,700.304,88.064,267.037,5.682,1,0.24,13.792,1,F,L,2473.73,435.172,4L,25,600
4LM-Assembly,2.48,0.842,0.2177,0.0088,0.0011,0.0049,0.0029,775.024,759.424,126.831,398.782,13.751,1,305.6,15.6,1,M,L,1459.16,421.486,4L,24,528
4LF-Bangla,3.825,NA,0.9288,0.0097,0.0122,0.0216,0.0942,703.188,684.571,54.848,103.593,6.094,1,118.138,18.617,1,F,L,1516.24,431.489,4L,7,600
4LF-Cantonese,3.109,NA,0.8832,0.0096,0.004,0.0181,0.0071,773.617,754.467,118.537,179.952,5.453,1,129.582,19.15,1,F,L,3571.32,442.014,4L,10,4
5CF-Ammonia,3.626,NA,0.9205,0.0082,0.0113,0.0156,0.1424,760.845,743.648,108.118,122.566,6.809,1,137.858,17.197,1,F,C,1829.6,235.75,5C,17,6
5CM-Aluminum,2.413,0.764,0.2396,0.0051,0.0038,0.0028,0.0051,705.457,684.305,0,0,0,1,684.305,21.152,0,M,C,1367.37,345.71,5C,25,14
5CM-Boron,2.237,0.63,0.1731,0.0041,0.005,0.0038,0.0032,757.921,738.481,0,0,0,1,738.481,19.44,0,M,C,2068.19,148.223,5C,9,70
5HF-An,3.387,NA,0.7355,0.0068,0.0087,0.0162,0.1138,617.392,602.704,85.456,345.919,11.531,1,66.576,14.688,1,F,H,NA,NA,5H,46,57
5HM-Archery,2.252,0.661,0.185,0.005,0.002,0.0021,0.0022,652.177,636.33,196.107,209.711,6.99,1,104.993,15.847,1,M,H,NA,NA,5H,25,62
5HF-Billal,3.875,NA,0.8448,0.0094,0.0147,0.017,0.1344,601.984,584.224,41.551,169.521,11.301,1,183.216,17.76,1,F,H,1553.59,307.29,5H,225,209
5HM-Canoeing,2.537,0.74,0.222,0.0049,0.0032,0.0025,0.0043,609.337,592.255,83.642,98.449,7.032,1,237.01,17.082,1,M,H,NA,NA,5H,NA,NA
5HF-Casey,3.505,NA,0.5747,0.0087,0.0125,0.0165,0.0109,612.736,600,5.52,84.816,4.241,1,285.775,12.736,1,F,H,1706.21,152.884,5H,4,76
5HM-Boxing,2.145,0.713,0.1606,0.004,0.0026,0.003,0.0025,629.823,609.538,107.694,249.014,11.858,1,36.632,20.285,1,M,H,NA,NA,5H,NA,NA
5HM-Diving,2.143,0.681,0.123,0.0035,0.0037,0.0024,0.0013,641.667,629.424,0,0,0,1,629.424,12.243,0,M,H,1018.42,124.198,5H,NA,NA
5LF-Aigna,3.756,NA,0.7425,0.0085,0.0147,0.0211,0.0728,607.328,592.144,85.903,146.448,7.322,1,206.512,15.184,1,F,L,1935.73,500.339,5L,20,91
5LM-Arun,NA,NA,0.1697,0.0046,0.0021,0.0022,0.002,605.637,591.992,60.488,86.543,12.363,1,334.095,13.645,1,M,L,1130.08,457.581,5L,103,379
5LF-Bala,3.282,NA,0.4372,0.0069,0.0112,0.0133,0.0031,604.933,589.753,31.861,392.119,10.319,1,64.557,15.18,1,F,L,2411.53,434.761,5L,14,26
5LM-Braern,1.975,0.671,0.1065,0.0034,0.0011,0.0016,0.0016,602.336,587.68,0,26.592,8.864,1,587.68,14.656,0,M,L,NA,NA,5L,12,211
5LF-Ceron,3.493,NA,0.7671,0.008,0.0124,0.0219,0.1132,602.767,583.117,27.923,46.904,5.212,1,176.257,19.65,1,F,L,1887.4,410.934,5L,54,217
5LM-Corym,NA,NA,0.1934,0.0043,0.0038,0.0037,0.0018,601.052,586.204,102.688,55.484,3.963,1,210.448,14.848,1,M,L,1836.14,433.879,5L,40,600
6CM-Armadillo,NA,NA,0.1175,0.004,0.0012,0.0011,0.0011,610.205,600.205,165.78,135.691,33.923,1,414,10,1,M,C,965.575,332.014,6C,62,24
6CF-Avocet,3.481,NA,0.5058,0.007,0.0118,0.02,0.0046,603.333,593.333,0,0,0,1,593.333,10,0,F,C,1168.27,529.826,6C,65,255
6CM-Bear,2.317,0.714,0.1676,0.0053,0.0033,0.0015,0.0022,646.637,635.637,145.094,428.146,17.839,1,41,11,1,M,C,1175.93,498.783,6C,1,98
6CF-Bulbul,3.022,NA,0.4298,0.0069,0.0083,0.0131,0.0041,603.633,589.633,59.219,366.161,13.077,1,55,14,1,F,C,2305.23,398.933,6C,38,600
6CF-Coot,3.314,NA,0.605,0.0086,0.0082,0.0174,0.009,427.345,401.345,49.776,53.567,26.784,1,384,26,1,F,C,1327.65,464.416,6C,26,431
6LF-Ant,3.103,NA,0.3949,0.0073,0.0086,0.0108,0.0028,610.609,582.609,54.8,322.352,14.652,1,26,28,1,F,L,1824.31,450.028,6L,17,33
6LM-Anchovy,NA,NA,0.1145,0.005,0.003,0.0022,0.001,608.037,597.037,0,0,0,1,597.037,11,0,M,L,1236.83,306.085,6L,26,8
6LF-Bee,NA,NA,0.5177,0.0077,0.0072,0.0218,0.0044,607.526,590.526,0,3.009,1.505,1,590.526,17,0,F,L,1918.94,445.733,6L,20,98
6LF-Cricket,3.265,NA,0.6361,0.008,0.0137,0.0185,0.0638,602.297,585.297,72.431,294.927,11.797,1,46,17,1,F,L,1511.43,506.861,6L,103,86
7CF-Arcadia,2.978,NA,0.3899,0.0055,0.0064,0.0134,0.0277,604.102,589.046,84.16,86.272,17.254,1,6.128,15.056,1,F,C,2049.29,460.136,7C,35,17
7CF-Carceri,2.946,NA,0.4563,0.008,0.0052,0.0119,0.005,747.168,733.952,28.897,40.848,6.808,1,572.687,13.216,1,F,C,2294.19,532.229,7C,NA,NA
7CM-Aarakocra,2.189,NA,0.1528,0.0038,0.0023,0.0028,0.002,601.565,590.255,0,94.085,6.272,1,590.255,11.31,0,M,C,3308.16,366.029,7C,73,600
7CM-Bugbear,2.289,0.716,0.2024,0.0051,0.0032,0.0025,0.005,606.446,597.504,0,32.33,8.082,1,597.504,8.942,0,M,C,2000.72,502.461,7C,136,6
7LF-Akali,3.169,NA,0.8984,0.0089,0.0095,0.0141,0.0106,606.112,584.848,0,7.665,2.555,1,584.848,21.264,0,F,L,2701.33,509.855,7L,46,12
7LM-Azir,2.096,0.692,0.1803,0.0047,0.0023,0.0039,0.0032,678.864,648.352,46.576,78.368,5.598,1,203.712,30.512,1,M,L,1268.29,172.928,7L,21,280
7LF-Briar,2.716,NA,0.448,0.006,0.0035,0.0099,0.0315,601.005,586.425,17.45,35.096,3.51,1,139.49,14.58,1,F,L,1870.06,433.091,7L,36,20
7LM-Braum,2.199,0.651,0.2093,0.0044,0.0019,0.0025,0.0042,639.497,625.15,9.208,24.723,6.181,1,422.373,14.347,1,M,L,1251.79,337.094,7L,24,600
8LF-Agatha,2.835,NA,0.3304,NA,NA,NA,NA,688.705,670.353,51.536,52.129,4.739,1,3.968,18.352,1,F,L,1220.75,435.786,8L,9,247
8LM-Anthony,2.213,0.655,0.1803,NA,NA,NA,NA,648.862,628.715,0,0,0,1,628.715,20.147,0,M,L,2187.14,482.133,8L,20,371
8LF-Brimsley,3,NA,0.448,NA,NA,NA,NA,686.433,667.041,110.545,186.72,3.811,1,19.488,19.392,1,F,L,2669.01,420.299,8L,16,211
8LM-Benedict,2.355,0.694,0.2093,NA,NA,NA,NA,655.05,638.505,94.263,123.262,13.696,1,19.863,16.545,1,M,L,1695.29,506.525,8L,89,267
8LF-Charlotte,2.292,NA,0.1703,NA,NA,NA,NA,765.105,745.313,0,0,0,1,745.313,19.792,0,F,L,2775.73,435.786,8L,12,427
8LM-Colin,2.064,0.672,0.1345,NA,NA,NA,NA,NA,NA,NA,NA,NA,NA,NA,NA,NA,M,L,2870.96,459.737,8L,5,5
8CF-Arcanine,2.724,NA,0.2774,0.0051,0.0045,0.0075,0.0015,666.913,641.913,0,1.088,1.088,1,641.913,25,0,F,C,1969.24,508.696,8C,29,8
8CF-Charmander,NA,NA,0.4945,0.0089,0.0092,0.0171,0.0051,635.09,621.09,46.257,42.576,2.838,1,18,14,1,F,C,2322.46,343.294,8C,14,600
8CM-Abra,2.101,0.566,0.1313,0.0038,0.0012,0.0016,0.0021,648.226,623.226,50.672,48.48,5.387,1,20,25,1,M,C,1308.61,369.722,8C,25,600
8CF-Braixen,NA,NA,0.1894,0.0042,0.0044,0.004,0.0019,603.507,592.507,75.744,419.362,13.528,1,7,11,1,F,C,1124.75,472.539,8C,11,11
6HM-Arrokuda,2.306,0.735,0.1645,0.0041,0.0015,0.0026,0.0027,603.409,587.409,0,24.496,6.124,1,587.409,16,0,M,H,NA,NA,6H,50,111
6HM-Blastoise,NA,NA,0.1113,0.0019,0.0011,0.0012,0.0024,614.369,600.369,2.256,29.552,3.694,1,188,14,1,M,H,NA,NA,6H,NA,NA
6HM-Chewtle,1.971,0.703,0.1121,8.00E-04,0.0012,0.0016,0.001,649.488,628.488,10.528,1.744,1.744,1,80,21,1,M,H,NA,NA,6H,42,50
6HM-Dewgong,1.919,0.576,0.1148,0.0029,0.0014,0.0019,0.0011,636.624,627.624,0,30.896,6.179,1,627.624,9,0,M,H,NA,NA,6H,39,175
6HF-Arboliva,2.827,NA,0.344,0.006,0.0048,0.0127,0.0109,605.268,588.268,5.872,8.74,2.913,1,235,17,1,F,H,NA,NA,6H,24,20
6HF-Bellsprout,2.191,NA,0.1705,0.004,0.0025,0.006,6.00E-04,605.319,591.319,20.819,26.256,2.917,1,66,14,1,F,H,NA,NA,6H,NA,NA
6HF-Chikorita,2.576,NA,0.2069,0.0049,0.0034,0.0053,5.00E-04,639.825,626.825,80.512,101.453,6.764,1,244,13,1,F,H,NA,NA,6H,NA,NA
7HF-Aperture,2.903,NA,0.4368,0.0066,0.007,0.0091,0.0129,NA,NA,NA,NA,NA,NA,NA,NA,NA,F,H,3598.39,295.269,7H,3,126
7HM-Acrylic,2.484,0.693,0.2033,0.0033,0.0025,0.0037,0.0025,NA,NA,NA,NA,NA,NA,NA,NA,NA,M,H,788.866,299.827,7H,NA,NA
7HF-Bitmap,2.882,NA,0.2769,0.0033,0.0083,0.0725,9.00E-04,NA,NA,NA,NA,NA,NA,NA,NA,NA,F,H,1877.5,284.485,7H,30,317
7HM-Baroque,NA,NA,0.1222,0.0016,0.0068,0.0021,0.0013,NA,NA,NA,NA,NA,NA,NA,NA,NA,M,H,403.755,600,7H,NA,NA
7HF-Chromatic,NA,NA,0.26,0.0051,0.0056,0.0057,0.0013,NA,NA,NA,NA,NA,NA,NA,NA,NA,F,H,NA,NA,7H,3,102
7HM-Collage,2.326,0.768,0.1602,0.0037,0.0022,0.0028,0.0026,NA,NA,NA,NA,NA,NA,NA,NA,NA,M,H,1706.03,457.728,7H,NA,NA
9CF-Abigail,2.904,NA,0.3849,0.0052,0.0067,0.0136,0.0039,NA,NA,NA,NA,NA,NA,NA,NA,NA,F,C,2565.12,394.985,9C,NA,NA
9CM-Andrew,2.011,0.562,0.0995,0.0019,0.0016,0.001,0.001,NA,NA,NA,NA,NA,NA,NA,NA,NA,M,C,1183.1,354.823,9C,13,27
9CF-Barbara,2.232,NA,0.1696,0.0048,0.0022,0.0037,8.00E-04,NA,NA,NA,NA,NA,NA,NA,NA,NA,F,C,NA,NA,9C,80,95
9CM-Bill,1.922,0.569,0.1027,0.0032,0.0017,0.0015,0.0032,NA,NA,NA,NA,NA,NA,NA,NA,NA,M,C,1156.41,500.379,9C,40,289
9CF-Claudia,2.753,NA,0.3228,0.0063,0.0042,0.0104,0.0027,NA,NA,NA,NA,NA,NA,NA,NA,NA,F,C,2307.1,466.695,9C,23,9
9CM-Chester,1.995,0.792,0.107,0.0025,0.0013,0.0017,0.0019,NA,NA,NA,NA,NA,NA,NA,NA,NA,M,C,NA,NA,9C,19,11
9CM-Donald,1.662,0.524,0.0657,0.0029,8.00E-04,0.001,9.00E-04,NA,NA,NA,NA,NA,NA,NA,NA,NA,M,C,921.132,597.889,9C,10,11
9LF-Amber,NA,NA,0.2471,0.0051,0.0033,0.0067,0.0028,604.88,591.52,68,88.289,8.026,1,427.855,13.36,1,F,L,1818,490.577,9L,46,124
9LM-Amethyst,2.036,0.627,0.1135,0.0029,0.0011,0.0014,0.0021,602.701,589.901,61.04,349.247,14.552,1,15.488,12.8,1,M,L,2324.03,401.639,9L,33,92
9LF-Bloodstone,2.256,NA,0.1718,0.0024,0.0022,0.0065,6.00E-04,594.925,584.925,70.228,200.908,11.162,1,133,10,1,F,L,2504.88,377.152,9L,21,231
9LM-Barite,2.23,0.634,0.156,0.0038,0.0017,0.0035,0.0024,603.249,593.185,85.184,50.512,7.216,1,23.664,10.064,1,M,L,1680.29,484.144,9L,98,97
9LF-Carnelian,2.325,NA,0.1871,0.004,0.0026,0.0064,0.0015,598.632,585.632,74.904,135.119,6.142,1,170,13,1,F,L,1302.3,534.719,9L,73,35
9LM-Citrine,1.68,0.536,0.0057,0.0016,0.0012,0.0016,5.00E-04,600.997,587.997,216.758,275.544,7.251,1,2,13,1,M,L,1397.44,411.884,9L,38,89
10CF-Accelerator,2.543,NA,0.2478,0.0038,0.0039,0.0044,0.0014,NA,NA,NA,NA,NA,NA,NA,NA,NA,F,C,2610.6,414.168,10C,5,36
10CM-Acura,1.897,0.615,0.087,0.0043,0.0011,0.0016,0.001,765.634,751.97,29.888,196.865,10.937,1,50.336,13.664,1,M,C,1260.84,379.568,10C,35,30
10CF-Brakes,2.358,NA,0.2148,0.0033,0.0028,0.0076,0.0015,NA,NA,NA,NA,NA,NA,NA,NA,NA,F,C,2228.68,235.991,10C,29,600
10CM-Bentley,1.87,0.625,0.0864,0.0035,0.0014,0.0012,0.0012,747.913,734.026,23.533,25.916,4.319,1,20.45,13.887,1,M,C,468.161,0,10C,16,69
10CF-Carburetor,1.939,NA,0.1208,0.004,0.0031,0.0027,NA,NA,NA,NA,NA,NA,NA,NA,NA,NA,F,C,1300.77,354.184,10C,29,28
10CM-Cadillac,2.328,0.671,0.167,0.0044,0.037,0.003,0.0043,611.378,595.556,0,3.119,1.559,1,595.556,15.822,0,M,C,2034.77,333.532,10C,NA,NA
10LF-Anakin,2.788,NA,0.3778,0.003,0.0035,0.0086,0.0486,NA,NA,NA,NA,NA,NA,NA,NA,NA,F,L,1370.83,432.29,10L,9,87
10LF-Bobafett,2.905,NA,0.4335,0.004,0.0061,0.0191,0.0311,NA,NA,NA,NA,NA,NA,NA,NA,NA,F,L,1153.23,504.31,10L,66,38
10LM-C3PO,2.498,0.685,0.2032,0.0041,0.003,0.0035,0.0038,606.337,593.337,105.191,36.795,5.256,1,297,13,1,M,L,1729.46,396.729,10L,10,255
10HF-Allspice,2.284,NA,NA,NA,NA,NA,NA,666.607,657.607,3.07,0,0,1,309,9,1,F,H,1904.58,405.002,10H,12,35
10HM-Anise,1.932,0.67,0.2404,0.0049,0.0034,0.0079,0.0013,605.634,589.634,138.257,258.995,17.266,1,27,16,1,M,H,1342.13,348.744,10H,NA,NA
10HF-BlackPepper,2.32,NA,0.2179,0.004,0.004,0.0087,0.0017,620.148,603.148,0,12.344,3.086,1,117,17,1,F,H,2812.42,435.993,10H,11,79
10HM-Basil,2.164,0.611,0.1539,0.0046,0.0014,0.0023,0.0019,661.042,651.042,0,86.816,7.892,1,651.042,10,0,M,H,1740.61,408.192,10H,37,74
10HF-Cinnamon,2.767,NA,0.3277,0.0067,0.0059,0.007,8.00E-04,602.932,589.932,14.947,51.812,8.635,1,550,13,1,F,H,2184.38,307.853,10H,5,18
10HM-Cilantro,1.76,0.554,0.0693,0.0032,0.001,0.0014,0.0014,629.57,618.57,8.8,68.85,6.885,1,589,11,1,M,H,2054.64,434.135,10H,22,43
11CF-Arrow,NA,NA,0.1877,0.004,0.0016,0.0053,0.0022,800.433,785.433,18.211,31.036,4.434,1,285,15,1,F,C,1893.52,426.453,11C,11,75
11CM-Archer,2.154,0.645,0.1294,0.0046,8.00E-04,8.00E-04,0.0027,816.929,803.137,128.672,440.224,18.343,1,51.488,13.792,1,M,C,2425.34,427.108,11C,10,125
11CF-Bow,1.908,NA,0.1071,0.0023,0.0018,5.00E-04,1.00E-04,652.532,641.532,278.108,242.747,17.339,1,114,11,1,F,C,1427.84,375.555,11C,37,30
11CM-Bowman,1.744,0.624,0.0628,0.0018,7.00E-04,4.00E-04,7.00E-04,653.585,640.585,84.561,163.136,10.196,1,118,13,1,M,C,895.991,245.971,11C,44,43
11CF-Crossbow,2.29,NA,0.2259,0.0046,0.0046,0.0044,0.0021,NA,NA,NA,NA,NA,NA,NA,NA,NA,F,C,2154.23,389.936,11C,9,600
11HM-Anole,2.009,0.637,0.0962,8.00E-04,6.00E-04,0.0021,0.0019,669.493,658.493,33.006,105.689,6.606,1,20,11,1,M,H,741.383,0,11H,114,9
11HM-Basilisk,1.686,0.583,0.052,0.0018,0.0016,0.0014,1.00E-04,NA,NA,NA,NA,NA,NA,NA,NA,NA,M,H,1909.55,6.05133,11H,91,210
11HM-Chameleon,2.012,0.553,0.1206,0.0027,0.0012,0.0034,9.00E-04,NA,NA,NA,NA,NA,NA,NA,NA,NA,M,H,952.172,551.861,11H,123,79
12CF-Autodesk,2.033,NA,0.1493,0.0032,0.0019,0.0041,7.00E-04,676.034,663.034,0,2.336,2.336,1,663.034,13,0,F,C,1726.94,421.009,12C,11,39
12CM-Axis,2.001,0.645,0.1006,0.0041,0.0011,0.0028,9.00E-04,659.602,644.602,35.276,176.34,12.596,1,41,15,1,M,C,1936.97,253.173,12C,64,46
12CF-Blender,2.024,NA,0.1328,0.0046,0.0025,0.003,NA,631.058,620.058,6.191,15.663,5.221,1,268,11,1,F,C,2201.49,442.691,12C,NA,600
12CM-Belt,1.752,0.62,0.0915,NA,NA,NA,NA,729.89,709.89,7.471,1.471,1.471,1,226,20,1,M,C,1688.38,420.367,12C,6,67
12CF-CAD,NA,NA,NA,NA,NA,NA,NA,600.528,588.528,124.176,183.984,16.726,1,111,12,1,F,C,764.609,489.904,12C,53,600
12HM-Ares,2.401,0.77,0.1786,0.0046,0.0024,0.0038,0.0011,648.912,638.912,0,62.461,6.94,1,638.912,10,0,M,H,1687.71,231.467,12H,NA,NA
12HM-Baccus,2.19,0.612,0.1345,0.0013,9.00E-04,0.0025,0.0019,619.542,609.542,0,11.275,2.819,1,609.542,10,0,M,H,1547.26,286.085,12H,NA,NA
12HM-Cronnus,2.111,0.665,0.1509,0.0015,9.00E-04,0.003,0.0037,NA,NA,NA,NA,NA,NA,NA,NA,NA,M,H,2276.99,319.375,12H,NA,NA
13HM-Amaranth,NA,NA,0.1152,0.0029,0.0013,0.0028,0.001,NA,NA,NA,NA,NA,NA,NA,NA,NA,M,H,NA,NA,13H,13,11
13HM-Blush,2.055,0.696,0.1224,0.001,0.0012,0.0017,0.0034,615.845,606.845,0,226.135,10.768,1,606.845,9,0,M,H,2026.12,491.1,13H,7,78
13HM-Cerise,2.302,0.728,0.1431,0.0033,0.0017,0.002,0.0034,NA,NA,NA,NA,NA,NA,NA,NA,NA,M,H,2324.59,474.201,13H,6,183
11LM-Apricot,1.962,0.609,0.1066,0.0035,0.0015,0.0022,0.0026,617.841,607.841,0,92.656,5.45,1,607.841,10,0,M,L,1867.34,373.885,11L,45,250
11LM-Burnt,2.263,0.664,0.1604,0.0018,0.0019,0.0021,0.004,NA,NA,NA,NA,NA,NA,NA,NA,NA,M,L,1827.22,517.424,11L,38,246
11LM-Coral,1.847,0.596,0.0893,0.0016,0.001,0.0025,0.0016,605.841,596.841,0,71.552,11.925,1,596.841,9,0,M,L,1753.85,403.718,11L,29,178
10LM-BB8,NA,NA,NA,NA,NA,NA,NA,621.683,609.683,20.853,6.207,3.103,1,24,12,1,M,L,1844.82,404.523,10L,17,260
7CF-Bytopia,NA,NA,NA,NA,NA,NA,NA,602.161,580.497,26.544,535.409,89.235,1,46.448,21.664,1,F,C,148.211,557.371,7C,NA,NA
