fish_id,treatment,sex,trial_num,tank_id,scorer,seconds_habtube,timeatbarrier_1,latency_barrier1,barrier1_zone.approach,latency_transparentbarrier1,latency_correctdoor1,latency_wrongdoor1,?,number_correct_barrier_1,number_wrong_barrier_1,time_firstcomp,latency_barrier2,barrier2_zone_approach,timestamp_transparent2,latency_transparent2,latency_correctdoor2,latency_wrongdoor2,time_secondcomp,number_correct_barrier_2,number_wrong_barrier_2,solve_time
5HF-An,H,F,1,5H,rivers hartzell,8,0,-8,,-8,-8,-8,-8,0,0,-8,-8,,,-8,-8,-8,-8,0,0,-8
5HF-An,H,F,2,5H,rivers hartzell,7,13.36,29,whiteboard ,32,29,41,174,1,2,181,186,wrong.door,3:21,194,197,186,200,1,0,204
5HF-An,H,F,3,5H,rivers hartzell,8,46.41,39,correct.door,42,107,78,146,1,1,149,154,transparent,2:42,154,181,162,-8,0,0,-8
5HF-An,H,F,4,5H,rivers hartzell,6,8.13,24,whiteboard ,55,88,62,94,1,1,98,110,correct.door,,-6,110,-6,113,1,0,118
5HF-An,H,F,5,5H,rivers hartzell,5,26.52,11,transparent,11,151,28,155,1,0,161,178,transparent,3:03,178,206,-5,212,1,0,217
5HM-Archery,H,M,1,5H,rivers hartzell,7,66.09,20,wrong.door,23,26,20,119,1,0,121,125,correct.door,,-7,125,-7,126,1,0,129
5HM-Archery,H,M,2,5H,rivers hartzell,6,1.28,40,whiteboard ,46,42,-6,71,1,0,76,79,wrong.door,1:29,83,242,79,246,1,4,250
5HM-Archery,H,M,3,5H,rivers hartzell,6,9.46,22,transparent,22,59,44,63,1,1,69,71,transparent,1:17,71,89,78,91,1,0,96
5HM-Archery,H,M,4,5H,rivers hartzell,7,21.27,56,whiteboard ,76,63,83,101,2,0,238,247,transparent,4:14,247,260,-7,264,1,0,274
5HM-Archery,H,M,5,5H,rivers hartzell,5,20.52,2,transparent,2,-5,287,-5,0,1,-5,-5,,,-5,-5,-5,-5,0,0,-5
5HF-Bilal,H,F,1,5H,rivers hartzell,7,0,1,correct.door,-7,1,-7,5,1,0,7,10,correct.door,,-7,10,-7,12,1,0,16
5HF-Bilal,H,F,2,5H,rivers hartzell,8,0,3,correct.door,-8,3,-8,5,1,0,7,9,correct.door,,-8,10,-8,-8,1,0,16
5HF-Bilal,H,F,3,5H,rivers hartzell,7,86.16,3,correct.door,78,3,70,11,2,8,18,21,whiteboard,0:34,27,-7,29,252,1,1,258
5HF-Bilal,H,F,4,5H,rivers hartzell,8,2.26,5,whiteboard ,13,21,6,24,2,1,59,67,correct.door,,-8,67,-8,68,1,0,75
5HF-Bilal,H,F,5,5H,rivers hartzell,9,0,9,whiteboard ,13,15,-9,34,1,0,42,46,transparent,0:55,46,61,-9,64,1,0,71
5HM-Boxing,H,M,1,5H,rivers hartzell,6,0,1,correct.door,-6,1,-6,2,1,0,4,6,transparent,0:12,6,91,53,92,1,1,99
5HM-Boxing,H,M,2,5H,rivers hartzell,5,36.29,0,transparent,0,57,-5,61,1,0,64,68,wrong.door,1:17,72,112,-5,113,1,0,118
5HM-Boxing,H,M,3,5H,rivers hartzell,5,0,2,correct.door,-5,2,-5,5,1,0,8,10,transparent,0:15,10,72,16,74,1,2,88
5HM-Boxing,H,M,4,5H,rivers hartzell,6,0,2,correct.door,-6,2,-6,5,1,0,12,35,transparent,0:41,35,174,100,176,0,2,183
5HM-Boxing,H,M,5,5H,rivers hartzell,5,0,1,whiteboard ,-5,9,-5,12,1,0,19,35,whiteboard,,-5,182,38,235,0,1,297
5HF-Casey,H,F,1,5H,rivers hartzell,6,55.34,1,transparent,1,27,13,262,1,5,264,266,transparent,4:32,266,-6,274,-6,0,1,-6
5HF-Casey,H,F,2,5H,rivers hartzell,6,72.39,0,transparent,0,97,16,100,1,2,105,106,transparent,1:52,106,114,-6,116,1,0,121
5HF-Casey,H,F,3,5H,rivers hartzell,5,0,2,correct.door,-5,2,-5,10,1,0,12,15,transparent,0:20,15,59,36,61,1,1,67
5HF-Casey,H,F,4,5H,rivers hartzell,5,7.47,0,transparent,0,14,-5,19,1,0,23,30,wrong.door,0:41,36,40,30,42,1,0,49
5HF-Casey,H,F,5,5H,rivers hartzell,7,1.38,1,correct.door,6,1,-7,11,1,0,15,19,transparent,0:26,19,24,-7,27,1,0,35
5HM-Canoeing,H,M,1,5H,rivers hartzell,6,5.53,10,wrong.door,28,36,10,38,1,1,42,43,transparent,0:49,43,58,52,61,1,1,65
5HM-Canoeing,H,M,2,5H,rivers hartzell,7,0,14,correct.door,-7,14,-7,18,1,0,23,28,transparent,0:35,28,57,44,59,1,0,62
5HM-Canoeing,H,M,3,5H,rivers hartzell,7,0,4,correct.door,-7,4,-7,10,1,0,16,24,wrong.door,,-7,34,24,37,1,1,43
5HM-Canoeing,H,M,4,5H,rivers hartzell,8,11.34,23,transparent,23,51,23,111,0,1,119,127,transparent,2:15,127,146,-8,151,1,0,156
5HM-Canoeing,H,M,5,5H,rivers hartzell,10,2.21,43,transparent,43,49,-10,55,2,0,62,118,wrong.door,,-10,193,118,196,1,1,204
5HM-Diving,H,M,1,5H,rivers hartzell,8,26.05,0,correct.door,2,0,-8,38,1,0,43,47,correct.door,,-8,47,-8,48,1,0,53
5HM-Diving,H,M,2,5H,rivers hartzell,7,0,1,correct.door,-7,1,-7,3,1,0,7,13,transparent,0:20,13,55,-7,56,1,0,65
5HM-Diving,H,M,3,5H,rivers hartzell,9,90.63,1,transparent,1,106,77,148,1,1,151,182,whiteboard,3:14,185,-9,205,-9,0,0,-9
5HM-Diving,H,M,4,5H,rivers hartzell,7,39.81,1,transparent,1,272,-7,-7,0,0,-7,-7,,,-7,-7,-7,-7,0,0,-7
5HM-Diving,H,M,5,5H,rivers hartzell,8,0,0,transparent,0,-8,12,-8,0,0,-8,-8,,,-8,-8,-8,-8,0,0,-8
5LF-Aigna,L,F,1,5L,rivers hartzell,0,19.98,0,transparent,0,9,26,61,1,0,65,67,transparent,1:07,67,80,0,86,1,0,90
5LF-Aigna,L,F,2,5L,rivers hartzell,8,49.1,16,transparent,16,161,27,168,1,5,170,174,transparent,3:02,174,190,179,193,1,1,199
5LF-Aigna,L,F,3,5L,rivers hartzell,5,6.67,59,transparent,59,96,69,100,1,0,105,114,transparent,1:59,114,159,137,163,1,0,170
5LF-Aigna,L,F,4,5L,rivers hartzell,5,0,45,wrong.door,-5,-5,45,-5,0,0,-5,-5,,,-5,-5,-5,-5,0,0,-5
5LF-Aigna,L,F,5,5L,rivers hartzell,6,7.24,16,transparent,16,106,31,112,1,0,115,126,wrong.door,2:20,134,140,126,147,1,0,154
5LM-Arun,L,M,1,5L,rivers hartzell,9,9.13,53,transparent,53,88,66,95,1,1,99,106,transparent,1:55,106,-9,115,-9,0,0,-9
5LM-Arun,L,M,2,5L,rivers hartzell,9,33.78,54,transparent,54,110,70,160,1,2,168,173,transparent,3:02,173,179,-9,181,1,0,188
5LM-Arun,L,M,3,5L,rivers hartzell,7,5.66,2,whiteboard ,72,80,-7,87,1,0,91,93,transparent,1:40,93,102,-7,105,1,0,110
5LM-Arun,L,M,4,5L,rivers hartzell,7,34.7,0,transparent,0,48,2,92,1,1,97,101,transparent,1:48,101,108,-7,112,1,0,115
5LM-Arun,L,M,5,5L,rivers hartzell,7,0,0,correct.door,61,0,47,2,2,1,85,97,correct.door,,-7,97,-7,100,1,0,108
5CF-Ammonia,C,F,1,5C,rivers hartzell,8,20.11,19,transparent,19,70,58,73,1,1,76,77,transparent,1:25,77,82,-8,84,1,0,89
5CF-Ammonia,C,F,2,5C,rivers hartzell,5,0,10,whiteboard ,-5,12,-5,20,1,0,21,25,whiteboard,,-5,35,27,37,1,1,46
5CF-Ammonia,C,F,3,5C,rivers hartzell,9,0,2,whiteboard ,-9,4,-9,8,1,0,15,19,transparent,0:28,19,52,66,56,2,0,86
5CF-Ammonia,C,F,4,5C,rivers hartzell,7,0,3,correct.door,-7,3,-7,10,1,0,21,26,transparent,0:33,26,50,-7,55,1,0,62
5CF-Ammonia,C,F,5,5C,rivers hartzell,8,93.08,6,correct.door,101,6,91,10,1,4,16,19,whiteboard,0:48,40,-8,21,-8,0,1,-8
5CM-Aluminium,C,M,1,5C,rivers hartzell,20,3.66,52,whiteboard ,-20,102,71,158,2,2,162,173,whiteboard,,-20,175,-20,-20,0,0,-20
5CM-Aluminium,C,M,2,5C,rivers hartzell,9,0,49,whiteboard ,-9,55,-9,106,1,0,109,119,wrong.door,2:13,124,146,119,166,1,0,178
5CM-Aluminium,C,M,3,5C,rivers hartzell,8,1.98,30,whiteboard ,80,37,86,103,1,1,105,127,transparent,2:15,127,148,132,150,1,1,155
5CM-Aluminium,C,M,4,5C,rivers hartzell,15,7.89,56,transparent,56,-15,-15,-15,0,0,-15,-15,,,-15,-15,-15,-15,0,0,-15
5CM-Aluminium,C,M,5,5C,rivers hartzell,8,0,148,wrong.door,-8,158,148,164,1,0,166,179,wrong.door,3:18,190,231,179,237,1,0,247
5CM-Boron,C,M,1,5C,rivers hartzell,5,0,31,correct.door,-5,31,-5,36,1,0,39,42,transparent,0:47,42,98,-5,100,1,0,105
5CM-Boron,C,M,2,5C,rivers hartzell,5,25.58,0,transparent,0,70,42,73,1,1,76,85,transparent,1:30,85,90,-5,92,1,0,102
5CM-Boron,C,M,3,5C,rivers hartzell,5,0,0,transparent,0,1,-5,3,1,0,11,20,transparent,0:25,20,63,28,178,1,1,209
5CM-Boron,C,M,4,5C,rivers hartzell,6,0,20,correct.door,-6,20,-6,28,1,0,32,35,transparent,0:41,35,214,110,219,1,0,235
5CM-Boron,C,M,5,5C,rivers hartzell,8,0,-8,correct.door,-8,1,-8,3,1,0,10,23,transparent,0:31,23,291,202,296,1,1,-8
5LM-Braern,L,M,1,5L,rivers hartzell,6,0,20,whiteboard ,-6,21,-6,24,1,0,26,29,correct.door,,-6,29,-6,31,1,0,34
5LM-Braern,L,M,2,5L,rivers hartzell,11,21.65,86,transparent,86,150,95,152,2,3,193,195,transparent,3:26,195,214,207,216,2,2,241
5LM-Braern,L,M,3,5L,rivers hartzell,11,19.79,1,whiteboard ,-11,4,-11,207,1,0,32,66,correct.door,,-11,66,-11,69,1,0,73
5LM-Braern,L,M,4,5L,rivers hartzell,5,0,0,correct.door,-5,0,-5,1,1,0,6,11,wrong.door,,-5,38,11,43,1,1,51
5LM-Braern,L,M,5,5L,rivers hartzell,14,0,1,transparent,1,53,-14,125,1,0,139,-14,,,-14,-14,-14,-14,0,0,-14
5LF-Ceron,L,F,1,5L,rivers hartzell,5,131.83,1,transparent,1,184,35,187,1,0,188,193,wrong.door,3:23,198,221,193,223,1,1,224
5LF-Ceron,L,F,2,5L,rivers hartzell,6,0,8,correct.door,-6,8,-6,11,1,0,13,14,transparent,0:20,14,58,48,59,1,0,-6
5LF-Ceron,L,F,3,5L,rivers hartzell,12,14.75,0,transparent,0,20,-12,22,1,0,23,25,transparent,0:37,25,73,35,74,1,2,77
5LF-Ceron,L,F,4,5L,rivers hartzell,6,6.6,0,transparent,0,10,-6,12,2,0,25,28,transparent,0:34,28,42,38,43,1,0,45
5LF-Ceron,L,F,5,5L,rivers hartzell,7,1.75,0,transparent,0,6,-7,9,1,0,15,22,transparent,0:29,22,10,29,72,1,0,74
5LM-Corym,L,M,1,5L,rivers hartzell,9,56.05,2,whiteboard ,55,62,75,175,1,2,182,188,whiteboard,3:20,191,194,189,222,1,0,230
5LM-Corym,L,M,2,5L,rivers hartzell,6,18.69,50,whiteboard ,114,129,192,-6,0,1,-6,-6,,,-6,-6,-6,-6,0,0,-6
5LM-Corym,L,M,3,5L,rivers hartzell,7,0,2,correct.door,89,2,-7,-7,0,0,-7,-7,,,-7,-7,-7,-7,0,0,-7
5LM-Corym,L,M,4,5L,rivers hartzell,6,0,-6,,-6,-6,-6,-6,0,0,-6,-6,,,-6,-6,-6,-6,0,0,-6
5LM-Corym,L,M,5,5L,rivers hartzell,5,0,137,transparent,137,-5,-5,-5,0,0,-5,-5,,,-5,-5,-5,-5,0,0,-5
3LF-Acacia,L,F,1,3L,rivers hartzell,5,6.6,5,wrong.door,17,35,5,38,3,4,43,46,transparent,0:51,46,-5,210,-5,0,1,-5
3LF-Acacia,L,F,2,3L,rivers hartzell,5,7.33,1,transparent,1,3,-5,39,1,0,44,47,transparent,0:52,47,89,54,92,1,2,98
3LF-Acacia,L,F,3,3L,rivers hartzell,5,0,4,correct.door,-5,4,-5,7,1,0,15,19,correct.door,,-5,19,-5,21,2,0,196
3LF-Acacia,L,F,4,3L,rivers hartzell,4,0,5,wrong.door,27,37,5,102,2,3,113,120,correct.door,3:38,214,120,231,246,1,1,263
3LF-Acacia,L,F,5,3L,rivers hartzell,5,0,6,correct.door,-5,6,-5,30,1,0,111,114,correct.door,2:56,171,114,139,117,2,2,235
3LM-Aconite,L,M,1,3L,rivers hartzell,0,2.6,35,wrong.door,185,54,35,55,1,0,200,218,wrong.door,,0,231,218,234,1,0,245
3LM-Aconite,L,M,2,3L,rivers hartzell,9,1.52,3,transparent,3,5,-9,5,1,0,-9,-9,,,-9,-9,-9,-9,0,0,-9
3LM-Aconite,L,M,3,3L,rivers hartzell,13,0,3,transparent,3,15,-13,246,1,0,-13,-13,,,-13,-13,-13,-13,0,0,-13
3LM-Aconite,L,M,4,3L,rivers hartzell,11,0.78,1,transparent,1,174,-11,-11,0,0,-11,-11,,,-11,-11,-11,-11,0,0,-11
3LM-Aconite,L,M,5,3L,rivers hartzell,11,0,74,correct.door,-11,74,-11,-11,0,0,-11,-11,,,-11,-11,-11,-11,0,0,-11
3LF-Baobab,L,F,1,3L,rivers hartzell,5,0,8,correct.door,-5,8,-5,30,2,0,35,39,transparent,0:44,39,46,85,49,1,1,108
3LF-Baobab,L,F,2,3L,rivers hartzell,6,9.49,2,transparent,2,89,8,113,2,1,116,127,whiteboard,,-6,273,133,275,1,0,-6
3LF-Baobab,L,F,3,3L,rivers hartzell,4,0,9,correct.door,132,9,-4,11,2,0,250,259,whiteboard,,-4,260,-4,262,1,0,271
3LF-Baobab,L,F,4,3L,rivers hartzell,4,0,204,correct.door,-4,204,-4,207,1,0,212,215,transparent,3:39,215,-4,-4,-4,0,0,-4
3LF-Baobab,L,F,5,3L,rivers hartzell,4,0,-4,,-4,-4,-4,-4,0,0,-4,-4,,,-4,-4,-4,-4,0,0,-4
3LM-BlueBonet,L,M,1,3L,rivers hartzell,10,0,95,correct.door,102,95,-10,115,1,0,122,123,transparent,2:13,123,136,128,145,1,0,155
3LM-BlueBonet,L,M,2,3L,rivers hartzell,12,3.25,0,correct.door,68,0,75,3,2,0,95,106,correct.door,,-12,106,-12,109,1,0,119
3LM-BlueBonet,L,M,3,3L,rivers hartzell,11,6.09,1,transparent,1,40,15,44,2,1,52,60,correct.door,2:53,162,60,-11,64,2,0,-11
3LM-BlueBonet,L,M,4,3L,rivers hartzell,11,0,2,correct.door,-11,2,-11,11,1,0,17,26,correct.door,,-11,26,-11,30,1,0,37
3LM-BlueBonet,L,M,5,3L,rivers hartzell,7,13.21,1,transparent,1,50,9,57,2,2,64,73,correct.door,,-7,73,-7,76,2,0,173
3LF-Cedar,L,F,1,3L,rivers hartzell,5,45.5,1,correct.door,75,1,46,163,1,2,165,169,transparent,2:54,169,-5,205,-5,0,1,-5
3LF-Cedar,L,F,2,3L,rivers hartzell,7,7.21,1,transparent,1,62,49,67,1,1,74,81,transparent,1:28,81,-7,109,-7,0,4,-7
3LF-Cedar,L,F,3,3L,rivers hartzell,10,2.96,54,transparent,54,63,-10,66,1,0,71,74,transparent,1:24,74,116,85,120,1,0,124
3LF-Cedar,L,F,4,3L,rivers hartzell,7,3.16,3,whiteboard ,35,30,-7,129,1,0,136,143,transparent,2:30,143,207,182,210,1,1,215
3LF-Cedar,L,F,5,3L,rivers hartzell,7,4.09,2,whiteboard ,3,87,-7,207,1,0,216,228,transparent,3:55,228,-7,258,-7,0,0,-7
3HF-Azure,H,F,1,3H,rivers hartzell,11,125.44,0,transparent,0,32,171,35,1,0,39,40,transparent,0:51,40,-11,-11,-11,0,0,-11
3HF-Azure,H,F,2,3H,rivers hartzell,9,37.83,1,transparent,1,21,-9,52,1,0,56,58,transparent,1:07,58,81,-9,83,1,0,-9
3HF-Azure,H,F,3,3H,rivers hartzell,11,33.63,20,correct.door,37,20,154,71,2,0,76,85,transparent,1:36,85,-11,-11,-11,0,0,-11
3HF-Azure,H,F,4,3H,rivers hartzell,12,22.38,8,transparent,8,19,-12,60,1,0,65,73,transparent,1:25,73,92,-12,94,1,0,102
3HF-Azure,H,M,5,3H,rivers hartzell,9,0,98,transparent,98,71,103,74,1,0,154,163,transparent,2:52,163,293,-9,-9,0,0,-9
3HM-Auburn,H,M,1,3H,rivers hartzell,8,0,7,whiteboard ,-8,9,-8,13,1,0,20,33,correct.door,,-8,33,-8,37,1,0,43
3HM-Auburn,H,M,2,3H,rivers hartzell,7,7.95,2,correct.door,146,2,133,6,2,1,12,20,transparent,0:27,20,29,208,33,1,0,-7
3HM-Auburn,H,M,3,3H,rivers hartzell,9,2.98,5,wrong.door,14,-9,5,-9,0,1,-9,-9,,,-9,-9,-9,-9,0,0,-9
3HF-Blue,H,F,1,3H,rivers hartzell,13,19.92,31,whiteboard ,63,107,60,204,1,0,214,219,transparent,3:52,219,226,-13,229,1,0,266
3HF-Blue,H,F,2,3H,rivers hartzell,7,8.73,24,whiteboard ,33,26,47,-7,0,0,-7,-7,,,-7,-7,-7,-7,0,0,-7
3HF-Blue,H,F,3,3H,rivers hartzell,13,0,74,transparent,74,-13,78,-13,0,0,-13,-13,,,-13,-13,-13,-13,0,0,-13
3HF-Blue,H,F,4,3H,rivers hartzell,6,0,-6,,-6,-6,-6,-6,0,0,-6,-6,,,-6,-6,-6,-6,0,0,-6
3HF-Blue,H,F,5,3H,rivers hartzell,9,0,22,transparent,22,-9,-9,-9,0,0,-9,-9,,,-9,-9,-9,-9,0,0,-9
10CF-Accelerator,C,F,1,10C,rivers hartzell,7,137.45,1,transparent,1,45,40,178,1,0,180,181,transparent,3:08,181,216,-7,219,1,0,222
10CF-Accelerator,C,F,2,10C,rivers hartzell,5,39.58,0,transparent,0,25,-5,53,1,0,58,60,transparent,1:05,60,238,101,256,1,0,259
10CF-Accelerator,C,F,3,10C,rivers hartzell,5,33.98,5,transparent,5,43,-5,56,1,0,58,65,whiteboard,,-5,69,-5,72,1,0,78
10CF-Accelerator,C,F,4,10C,rivers hartzell,6,155.86,2,transparent,2,26,-6,143,1,0,150,154,transparent,2:40,154,163,201,215,2,1,245
10CF-Accelerator,C,F,5,10C,rivers hartzell,6,38.81,29,transparent,29,61,264,65,1,1,160,-6,,,-6,-6,-6,-6,0,0,-6
10CM-Acura,C,F,1,10C,rivers hartzell,8,6.4,24,transparent,24,31,-8,34,1,0,38,42,transparent,0:50,42,224,77,295,1,4,307
10CM-Acura,C,M,2,10C,rivers hartzell,7,10.48,1,whiteboard ,49,-7,-7,-7,0,0,-7,-7,,,-7,-7,-7,-7,0,0,-7
10CM-Acura,C,M,3,10C,rivers hartzell,5,9.06,3,correct.door,39,3,-5,-5,0,0,-5,-5,,,-5,-5,-5,-5,0,0,-5
10CM-Acura,C,M,4,10C,rivers hartzell,7,8.1,2,transparent,2,-7,-7,-7,0,0,-7,-7,,,-7,-7,-7,-7,0,0,-7
10CM-Acura,C,M,5,10C,rivers hartzell,5,0,3,transparent,3,-5,-5,-5,0,0,-5,-5,,,-5,-5,-5,-5,0,0,-5
10CF-Brakes,C,F,1,10C,rivers hartzell,7,0,23,correct.door,-7,23,-7,27,1,0,31,53,whiteboard,,-7,66,57,-7,0,0,-7
10CF-Brakes,C,F,2,10C,rivers hartzell,6,73.25,5,correct.door,41,5,135,8,2,0,222,225,transparent,3:51,225,-6,293,-6,0,0,-6
10CF-Brakes,C,F,3,10C,rivers hartzell,5,120.21,9,wrong.door,23,167,9,-5,0,0,-5,-5,,,-5,-5,-5,-5,0,0,-5
10CF-Brakes,C,F,4,10C,rivers hartzell,6,26.26,1,whiteboard ,20,6,-6,59,1,0,63,79,transparent,1:25,79,106,92,108,1,1,111
10CM-Bentley,C,M,1,10C,rivers hartzell,5,8.46,71,transparent,71,-5,-5,-5,0,0,-5,-5,,,-5,-5,-5,-5,0,0,-5
10CM-Bentley,C,M,2,10C,rivers hartzell,5,0,27,wrong.door,147,-5,27,-5,0,0,-5,-5,,,-5,-5,-5,-5,0,0,-5
10CM-Bentley,C,M,3,10C,rivers hartzell,5,3.88,1,transparent,1,204,-5,-5,0,0,-5,-5,,,-5,-5,-5,-5,0,0,-5
10CM-Bentley,C,M,4,10C,rivers hartzell,7,8.51,4,transparent,4,-7,-7,-7,0,0,-7,-7,,,-7,-7,-7,-7,0,0,-7
10CM-Bentley,C,M,5,10C,rivers hartzell,6,0,26,wrong.door,47,-6,26,-6,0,0,-6,-6,,,-6,-6,-6,-6,0,0,-6
10CF-Carburetor,C,F,1,10C,rivers hartzell,6,220.34,17,transparent,17,-6,292,-6,0,1,-6,-6,,,-6,-6,-6,-6,0,0,-6
10CF-Carburetor,C,F,2,10C,rivers hartzell,5,16.07,30,wrong.door,-5,60,30,66,1,1,72,77,transparent,1:22,77,-5,-5,-5,0,0,-5
10CF-Carburetor,C,F,3,10C,rivers hartzell,5,0,77,correct.door,-5,77,-5,82,1,0,88,117,correct.door,2:07,122,117,137,159,1,0,175
10CF-Carburetor,C,F,4,10C,rivers hartzell,5,0,2,whiteboard ,-5,14,286,41,1,0,47,88,correct.door,,-5,88,-5,-5,0,0,-5
10CF-Carburetor,C,F,5,10C,rivers hartzell,4,9.88,1,whiteboard ,15,50,126,-4,0,0,-4,-4,,,-4,-4,-4,-4,0,0,-4
10CM-Cadillac,C,M,1,10C,rivers hartzell,6,50.67,2,transparent,2,186,156,193,1,0,200,211,wrong.door,3:47,221,233,211,236,3,0,297
10CM-Cadillac,C,M,2,10C,rivers hartzell,5,58.18,60,transparent,60,211,187,-5,0,0,-5,-5,,,-5,-5,-5,-5,0,0,-5
10CM-Cadillac,C,M,3,10C,rivers hartzell,6,17.05,27,transparent,27,234,-6,242,1,0,251,277,whiteboard,,-6,-6,-6,-6,0,0,-6
10CM-Cadillac,C,M,4,10C,rivers hartzell,5,7.43,1,transparent,1,-5,36,-5,0,0,-5,-5,,,-5,-5,-5,-5,0,0,-5
10CM-Cadillac,C,M,5,10C,rivers hartzell,6,10.3,1,transparent,1,100,58,107,1,0,125,144,whiteboard,,-6,-6,-6,-6,0,0,-6
7HM-Collage,H,M,1,7H,Meghna Prabhakaran,7,6.13,4,transparent,4,29,-7,32,1,0,36,38,correct.door,,-7,38,-7,40,1,0,42
7HM-Collage,H,M,2,7H,Meghna Prabhakaran,8,9.08,1,transparent,1,89,52,92,1,2,94,97,correct.door,,-8,98,-8,98,1,0,103
7HM-Collage,H,M,3,7H,Meghna Prabhakaran,9,3.25,12,transparent,15,12,53,172,1,1,175,176,transparent,3:10,181,245,222,247,1,1,249
7HM-Collage,H,M,4,7H,Meghna Prabhakaran,8,3.35,1,transparent,1,93,-8,98,1,0,102,165,correct.door,,-8,165,-8,167,1,0,170
7HM-Collage,H,M,5,7H,Meghna Prabhakaran,9,9.4,80,transparent,80,108,93,111,1,1,116,235,transparent,4:04,235,246,-9,248,1,0,258
3CM-Avdol,C,M,1,3C,Meghna Prabhakaran,7,28.3,7,whiteboard,29,0,0,0,1,2,0,0,transparent,2:16,0,0,0,0,1,0,140
3CM-Avdol,C,M,2,3C,Meghna Prabhakaran,5,5.5,9,whiteboard,136,87,24,93,2,2,260,267,correct.door,,-5,267,-5,268,1,0,276
3CM-Avdol,C,M,3,3C,Meghna Prabhakaran,6,0,2,whiteboard,-6,182,33,-6,0,3,-6,-6,,,-6,-6,-6,-6,0,0,-6
3CM-Avdol,C,M,4,3C,Meghna Prabhakaran,5,0,250,correct.door,-5,250,-5,-5,0,0,-5,-5,,,-5,-5,-5,-5,0,0,-5
3CM-Avdol,C,M,5,3C,Meghna Prabhakaran,7,0,219,whiteboard,-7,258,-7,-7,0,0,-7,-7,,,-7,-7,-7,-7,0,0,-7
3CF-Connie,C,F,1,3C,Meghna Prabhakaran,7,5.5,19,whiteboard,37,44,31,47,1,1,49,63,correct.door,,-7,63,-7,64,1,0,69
3CF-Connie,C,F,2,3C,Meghna Prabhakaran,8,9.1,1,wrong.door,6,15,1,17,1,1,19,22,correct.door,,-8,22,-8,23,1,0,37
3CF-Connie,C,F,3,3C,Meghna Prabhakaran,6,63,0,transparent,0,2,79,3,1,1,6,130,correct.door,3:02,176,130,-6,131,1,0,-6
3CF-Connie,C,F,4,3C,Meghna Prabhakaran,6,0,0,correct.door,-6,0,-6,1,2,0,15,17,wrong.door,0:33,27,34,17,35,1,1,52
3CF-Connie,C,F,5,3C,Meghna Prabhakaran,7,17.8,2,transparent,2,35,6,37,1,1,68,93,correct.door,2:02,115,93,212,94,1,0,-7
6CM-Armadillo,C,M,1,6C,Meghna Prabhakaran,6,6.26,0,correct.door,38,0,-6,2,2,0,45,49,whiteboard,1:02,56,112,82,122,1,1,132
6CM-Armadillo,C,M,2,6C,Meghna Prabhakaran,6,49.5,0,wrong.door,71,119,0,250,1,3,262,296,correct.door,,-6,296,-6,299,1,0,306
6CM-Armadillo,C,M,3,6C,Meghna Prabhakaran,5,0,0,correct.door,-5,0,-5,2,1,0,24,85,whiteboard,,-5,-5,239,-5,0,0,-5
6CM-Armadillo,C,M,4,6C,Meghna Prabhakaran,6,0,0,correct.door,-6,0,-6,3,1,0,14,76,transparent,1:22,76,-6,-6,-6,0,0,-6
6CM-Armadillo,C,M,5,6C,Meghna Prabhakaran,6,0,1,correct.door,-6,1,-6,2,1,0,7,117,correct.door,,-6,117,-6,-6,0,0,-6
6CF-Bulbul,C,F,2,6C,Meghna Prabhakaran,5,4.65,1,transparent,1,9,-5,27,1,0,28,31,transparent,0:36,31,46,39,48,1,1,53
6CF-Bulbul,C,F,3,6C,Meghna Prabhakaran,7,8,5,correct.door,30,5,68,8,4,2,12,17,transparent,0:24,17,90,22,92,2,2,95
6CF-Bulbul,C,F,4,6C,Meghna Prabhakaran,7,0,3,correct.door,-7,3,-7,5,1,0,14,18,transparent,0:25,18,36,23,38,1,1,51
6CF-Bulbul,C,F,5,6C,Meghna Prabhakaran,9,79.8,0,transparent,0,46,13,54,4,1,93,195,whiteboard,,-9,-9,-9,-9,0,0,-9
6CF-Coot,C,F,1,6C,Meghna Prabhakaran,8,88,1,wrong.door,65,160,1,163,`1,1,165,170,transparent,2:58,170,-8,-8,-8,0,0,-8
6CF-Coot,C,F,2,6C,Meghna Prabhakaran,6,0,3,whiteboard,-6,21,-6,50,1,0,52,56,transparent,1:02,56,67,-6,70,1,0,76
6CF-Coot,C,F,3,6C,Meghna Prabhakaran,8,7,6,whiteboard,109,7,-8,62,3,0,95,99,transparent,1:47,99,-8,159,-8,0,2,-8
6CF-Coot,C,F,4,6C,Meghna Prabhakaran,7,25.7,5,whiteboard,17,61,13,64,1,1,66,73,wrong.door,1:26,79,89,73,91,1,0,94
6CF-Coot,C,F,5,6C,Meghna Prabhakaran,6,1.86,7,whiteboard,64,23,-6,40,2,0,47,56,correct.door,,-6,56,-6,109,1,0,122
6CM-Bear,C,M,1,6C,Meghna Prabhakaran,13,8.36,0,transparent,0,36,1,39,1,0,41,43,transparent,0:56,43,114,-13,115,1,0,118
6CM-Bear,C,M,2,6C,Meghna Prabhakaran,8,0,2,transparent,2,19,3,21,1,0,22,25,transparent,0:33,25,86,-8,88,1,0,90
6CM-Bear,C,M,3,6C,Meghna Prabhakaran,8,2,2,transparent,2,89,12,104,2,4,119,121,transparent,2:09,121,122,-8,123,1,0,125
6CM-Bear,C,M,4,6C,Meghna Prabhakaran,6,4.66,14,wrong.door,20,56,14,56,1,2,62,65,transparent,1:11,65,79,-6,82,1,0,88
6CM-Bear,C,M,5,6C,Meghna Prabhakaran,6,46.8,2,transparent,2,152,282,157,1,0,-6,-6,,,-6,-6,-6,-6,0,0,-6
6LF-Ant,L,F,1,6L,Meghna Prabhakaran,7,3.86,0,transparent,0,15,-7,27,1,0,29,31,transparent,0:38,31,-7,79,-7,0,1,-7
6LF-Ant,L,F,2,6L,Meghna Prabhakaran,7,21.5,2,transparent,2,70,22,84,1,0,88,95,transparent,1:42,95,123,-7,126,1,0,133
6LF-Ant,L,F,3,6L,Meghna Prabhakaran,7,12.3,0,transparent,0,65,-7,68,1,0,73,82,transparent,1:29,82,89,-7,92,1,0,105
6LF-Ant,L,F,4,6L,Meghna Prabhakaran,6,10.2,5,transparent,5,11,-6,14,1,0,29,54,transparent,1:00,54,90,69,91,1,1,101
6LF-Ant,L,F,5,6L,Meghna Prabhakaran,6,25.5,5,correct.door,12,5,-6,70,1,0,95,104,whiteboard,2:54,168,-6,-6,-6,0,0,-6
6LM-Anchovy,L,M,1,6L,Meghna Prabhakaran,6,10.3,8,whiteboard,65,38,28,-6,0,2,-6,-6,,,-6,-6,-6,-6,0,0,-6
6LM-Anchovy,L,M,2,6L,Meghna Prabhakaran,7,13.9,10,wrong.door,17,55,10,57,2,2,73,86,correct.door,,-7,86,-7,88,1,0,94
6LM-Anchovy,L,M,3,6L,Meghna Prabhakaran,7,0,6,wrong.door,230,52,6,251,1,3,259,-7,,,-7,-7,-7,-7,0,0,-7
6LM-Anchovy,L,M,4,6L,Meghna Prabhakaran,7,0,4,wrong.door,-7,-7,4,-7,0,3,-7,-7,,,-7,-7,-7,-7,0,0,-7
6LM-Anchovy,L,M,5,6L,Meghna Prabhakaran,7,0,2,wrong.door,-7,-7,2,-7,0,0,-7,-7,,,-7,-7,-7,-7,0,0,-7
6LF-Bee,L,F,1,6L,Meghna Prabhakaran,8,24.6,16,transparent,16,45,-8,48,1,0,50,52,transparent,1:00,52,85,55,86,2,1,119
6LF-Bee,L,F,2,6L,Meghna Prabhakaran,7,7.2,10,transparent,10,27,14,29,2,0,30,32,wrong.door,0:45,38,69,32,70,1,2,74
6LF-Bee,L,F,3,6L,Meghna Prabhakaran,8,14.9,0,transparent,0,41,18,43,1,2,44,47,correct.door,,-8,47,-8,49,1,0,51
6LF-Bee,L,F,4,6L,Meghna Prabhakaran,10,22.1,3,transparent,3,116,8,119,1,5,120,123,transparent,2:13,123,129,-10,138,1,0,145
6LF-Bee,L,F,5,6L,Meghna Prabhakaran,9,36.1,20,transparent,20,23,-9,39,3,1,42,74,transparent,1:23,74,82,111,178,1,2,-9
6LF-Cricket,L,F,1,6L,Meghna Prabhakaran,13,84.5,1,wrong.door,65,102,1,271,1,6,275,287,correct.door,,-13,287,-13,289,1,0,293
6LF-Cricket,L,F,2,6L,Meghna Prabhakaran,9,19.6,1,correct.door,49,1,166,2,1,1,-9,-9,,,-9,-9,-9,-9,0,0,-9
6LF-Cricket,L,F,3,6L,Meghna Prabhakaran,9,10.9,7,transparent,7,12,117,208,1,1,-9,-9,,,-9,-9,-9,-9,0,0,-9
6LF-Cricket,L,F,4,6L,Meghna Prabhakaran,11,0,1,transparent,1,20,-11,22,2,0,-11,-11,,,-11,-11,-11,-11,0,0,-11
6LF-Cricket,L,F,5,6L,Meghna Prabhakaran,15,20,16,transparent,16,-15,-15,-15,0,0,-15,-15,,,-15,-15,-15,-15,0,0,-15
7LM-Azir,L,M,1,7L,Meghna Prabhakaran,12,104,0,transparent,0,47,184,50,3,4,53,63,transparent,1:15,63,-12,92,-12,0,2,-12
7LM-Azir,L,M,2,7L,Meghna Prabhakaran,11,17.1,0,transparent,0,19,-11,50,1,0,54,61,transparent,1:12,61,87,-11,88,1,0,91
7LM-Azir,L,M,3,7L,Meghna Prabhakaran,12,32.5,4,transparent,4,82,174,215,1,1,218,250,correct.door,,-12,250,-12,254,1,0,261
7LM-Azir,L,M,4,7L,Meghna Prabhakaran,12,0,123,wrong.door,-12,177,123,181,1,0,188,215,transparent,3:47,215,-12,-12,-12,0,0,-12
7LM-Azir,L,M,5,7L,Meghna Prabhakaran,12,19.8,87,correct.door,119,87,-12,-12,0,0,-12,-12,,,-12,-12,-12,-12,0,0,-12
7LF-Briar,L,F,2,7L,Meghna Prabhakaran,10,9.59,11,transparent,11,54,-10,58,1,0,59,65,wrong.door,1:20,70,160,65,164,1,1,172
7LF-Briar,L,F,3,7L,Meghna Prabhakaran,10,21.8,24,transparent,24,67,48,68,1,0,72,77,transparent,1:27,77,174,155,177,1,1,185
7LF-Briar,L,F,4,7L,Meghna Prabhakaran,12,34.4,12,wrong.door,38,117,12,122,1,0,126,138,transparent,2:30,138,254,205,258,1,1,263
7LF-Briar,L,F,5,7L,Meghna Prabhakaran,9,7.11,230,correct.door,243,230,-9,297,1,0,-9,-9,,,-9,-9,-9,-9,0,0,-9
7LM-Braum,L,M,1,7L,Meghna Prabhakaran,9,42.7,0,correct.door,61,0,-9,6,2,0,122,132,transparent,2:21,132,139,-9,140,1,0,144
7LM-Braum,L,M,2,7L,Meghna Prabhakaran,9,29.8,64,whiteboard,120,291,263,295,1,1,303,-9,,,-9,-9,-9,-9,0,0,-9
7LM-Braum,L,M,3,7L,Meghna Prabhakaran,11,12.6,285,wrong.door,293,-11,285,-11,0,1,-11,-11,,,-11,-11,-11,-11,0,0,-11
7LM-Braum,L,M,4,7L,Meghna Prabhakaran,9,0,-9,,-9,-9,-9,-9,0,0,-9,-9,,,-9,-9,-9,-9,0,0,-9
7LM-Braum,L,M,5,7L,Meghna Prabhakaran,11,0,75,transparent,75,-11,114,-11,0,1,-11,-11,,,-11,-11,-11,-11,0,0,-11
6HM-Arrokuda,H,M,1,6H,Meghna Prabhakaran,10,67.1,55,transparent,55,74,177,78,3,3,85,98,transparent,1:48,98,-10,-10,-10,0,0,-10
6HM-Arrokuda,H,M,3,6H,Meghna Prabhakaran,6,16.9,161,correct.door,174,161,186,283,1,1,287,-6,,,-6,-6,-6,-6,0,0,-6
6HM-Arrokuda,H,M,4,6H,Meghna Prabhakaran,7,2.15,221,transparent,221,272,228,-7,0,0,-7,-7,,,-7,-7,-7,-7,0,0,-7
6HM-Arrokuda,H,M,5,6H,Meghna Prabhakaran,6,0,-6,,-6,-6,-6,-6,0,0,-6,-6,,,-6,-6,-6,-6,0,0,-6
6HM-Blastoise,H,M,1,6H,Meghna Prabhakaran,6,31,13,correct.door,17,13,-6,53,1,0,55,60,transparent,1:06,60,85,69,86,1,1,90
6HM-Blastoise,H,M,2,6H,Meghna Prabhakaran,6,36.1,4,transparent,4,43,-6,46,1,0,47,51,transparent,0:57,51,78,-6,81,1,0,87
6HM-Blastoise,H,M,3,6H,Meghna Prabhakaran,6,15.3,16,transparent,16,37,-6,41,1,0,45,54,transparent,1:00,54,82,70,84,2,1,114
6HM-Blastoise,H,M,4,6H,Meghna Prabhakaran,6,22.1,5,transparent,5,53,20,70,1,0,72,84,transparent,1:30,84,138,113,143,1,1,159
6HM-Blastoise,H,M,5,6H,Meghna Prabhakaran,7,36.4,1,transparent,1,173,270,-7,0,0,-7,-7,,,-7,-7,-7,-7,0,0,-7
6HM-Chewtle,H,M,1,6H,Meghna Prabhakaran,6,124.5,17,wrong.door,43,211,17,215,1,1,218,221,transparent,3:47,221,261,247,263,1,0,269
6HM-Chewtle,H,M,2,6H,Meghna Prabhakaran,7,85.2,9,wrong.door,44,86,9,89,1,1,93,101,transparent,1:48,101,227,113,229,1,1,-7
6HM-Chewtle,H,M,3,6H,Meghna Prabhakaran,7,54.2,10,wrong.door,46,110,10,113,1,3,116,124,transparent,2:11,124,132,-7,133,1,0,141
6HM-Chewtle,H,M,4,6H,Meghna Prabhakaran,7,65.9,7,wrong.door,31,155,7,157,1,4,162,176,correct.door,,-7,176,-7,180,1,0,194
6HM-Chewtle,H,M,5,6H,Meghna Prabhakaran,7,5.72,41,transparent,41,118,47,124,1,0,129,265,transparent,4:32,265,-7,304,-7,0,0,-7
6HM-Dewgong,H,M,1,6H,Meghna Prabhakaran,9,28.2,14,whiteboard,54,46,64,86,1,1,89,93,wrong.door,2:26,137,-9,93,-9,0,1,-9
6HM-Dewgong,H,M,2,6H,Meghna Prabhakaran,7,0,23,correct.door,-7,23,-7,27,1,0,32,39,transparent,0:46,39,79,-7,82,1,0,88
6HM-Dewgong,H,M,3,6H,Meghna Prabhakaran,7,0,14,correct.door,-7,14,125,-7,0,0,-7,-7,,,-7,-7,-7,-7,0,0,-7
6HM-Dewgong,H,M,4,6H,Meghna Prabhakaran,7,12.9,17,correct.door,137,17,172,214,1,1,221,248,transparent,4:15,248,297,274,300,1,1,305
6HM-Dewgong,H,M,5,6H,Meghna Prabhakaran,7,9.75,22,correct.door,126,22,-7,111,1,0,136,169,wrong.door,,-7,-7,169,-7,0,0,-7
6HF-Arboliva,H,F,1,6H,Meghna Prabhakaran,7,194.5,0,transparent,0,43,61,195,1,1,197,201,transparent,3:28,201,-7,-7,-7,0,0,-7
6HF-Arboliva,H,F,2,6H,Meghna Prabhakaran,5,152.6,1,transparent,1,178,-5,182,1,0,184,187,transparent,3:12,187,268,254,270,1,1,275
6HF-Arboliva,H,F,3,6H,Meghna Prabhakaran,7,29.6,0,transparent,0,44,32,46,1,1,49,62,wrong.door,,-7,68,62,69,1,1,74
6HF-Arboliva,H,F,4,6H,Meghna Prabhakaran,9,209.3,4,transparent,4,38,-9,250,1,0,265,272,transparent,4:41,272,-9,-9,-9,0,0,-9
6HF-Arboliva,H,F,5,6H,Meghna Prabhakaran,8,22.4,1,transparent,1,17,-8,58,1,0,74,80,correct.door,,-8,80,-8,82,1,0,88
6HF-Bellsprout,H,F,1,6H,Meghna Prabhakaran,13,143.2,0,transparent,0,18,143,21,4,1,28,31,transparent,0:44,31,56,41,58,1,3,-13
6HF-Bellsprout,H,F,2,6H,Meghna Prabhakaran,8,10.9,19,wrong.door,61,94,19,-8,1,2,103,107,transparent,1:55,107,-8,-8,-8,0,0,-8
6HF-Bellsprout,H,F,3,6H,Meghna Prabhakaran,7,13.9,2,wrong.door,163,86,2,89,2,1,93,99,transparent,1:46,99,124,206,150,2,1,239
6HF-Bellsprout,H,F,4,6H,Meghna Prabhakaran,11,16.1,57,wrong.door,72,121,57,124,1,1,127,133,transparent,2:24,133,141,-11,143,1,0,146
6HF-Bellsprout,H,F,5,6H,Meghna Prabhakaran,7,11.6,0,transparent,0,8,-7,11,1,0,14,151,correct.door,,-7,151,-7,153,1,0,161
6HF-Chikorita,H,F,1,6H,Meghna Prabhakaran,10,10.3,7,transparent,7,19,-10,21,1,0,31,34,correct.door,,-10,34,-10,36,1,0,40
6HF-Chikorita,H,F,2,6H,Meghna Prabhakaran,8,13.7,0,transparent,0,26,14,28,1,1,33,37,correct.door,,-8,37,-8,40,1,0,50
6HF-Chikorita,H,F,3,6H,Meghna Prabhakaran,9,13.2,18,wrong.door,22,24,18,25,2,1,26,29,transparent,0:38,29,94,31,95,1,1,111
6HF-Chikorita,H,F,4,6H,Meghna Prabhakaran,10,13.7,2,transparent,2,10,-10,18,1,0,20,29,wrong.door,,-10,45,29,47,1,1,53
6HF-Chikorita,H,F,5,6H,Meghna Prabhakaran,7,64,0,wrong.door,51,52,0,54,3,3,259,268,correct.door,,-7,268,-7,270,1,0,301
7LF-Akali,L,F,1,7L,Meghna Prabhakaran,16,12.1,2,transparent,2,24,-16,26,1,0,28,30,correct.door,,-16,30,-16,33,1,0,35
7LF-Akali,L,F,2,7L,Meghna Prabhakaran,20,0,19,whiteboard,-20,56,-20,57,1,0,58,64,correct.door,,-20,64,-20,65,1,0,71
7LF-Akali,L,F,3,7L,Meghna Prabhakaran,13,23.3,0,transparent,0,4,-13,66,2,0,68,72,transparent,1:25,72,73,124,131,1,0,141
7LF-Akali,L,F,4,7L,Meghna Prabhakaran,16,11.2,11,transparent,11,18,-16,58,1,0,60,62,transparent,1:18,62,76,-16,78,1,0,80
7LF-Akali,L,F,5,7L,Meghna Prabhakaran,13,27.8,19,transparent,19,26,-13,27,5,0,63,64,transparent,1:17,64,80,71,219,1,3,-13
7CM-Aarakocra,C,M,1,7C,Meghna Prabhakaran,9,0,36,correct.door,-9,36,-9,40,1,0,48,55,transparent,1:04,55,179,-9,182,1,0,192
7CM-Aarakocra,C,M,2,7C,Meghna Prabhakaran,9,0,93,whiteboard,-9,155,111,166,1,0,186,248,transparent,4:17,248,274,-9,-9,0,0,-9
7CM-Aarakocra,C,M,3,7C,Meghna Prabhakaran,7,0,20,transparent,20,76,-7,77,1,0,104,153,correct.door,,-7,153,-7,160,1,0,167
7CM-Aarakocra,C,M,4,7C,Meghna Prabhakaran,10,1.36,45,correct.door,166,45,-10,-10,0,0,-10,-10,,,-10,-10,-10,-10,0,0,-10
7CM-Aarakocra,C,M,5,7C,Meghna Prabhakaran,10,0,113,correct.door,-10,113,-10,117,1,0,128,240,transparent,4:10,240,-10,-10,-10,0,0,-10
7CF-Carceri,C,F,1,7C,Meghna Prabhakaran,6,10.2,24,whiteboard,38,68,-6,72,1,0,76,80,transparent,1:26,80,-6,-6,-6,0,0,-6
7CF-Carceri,C,F,2,7C,Meghna Prabhakaran,10,85.6,21,transparent,21,83,39,86,1,1,88,91,transparent,1:41,91,207,97,259,1,1,261
7CF-Carceri,C,F,3,7C,Meghna Prabhakaran,9,57,4,whiteboard,29,82,13,132,1,0,143,146,transparent,2:35,146,156,-9,158,1,0,162
7CF-Carceri,C,F,4,7C,Meghna Prabhakaran,7,56,67,transparent,67,119,-7,199,1,0,208,211,transparent,3:38,211,226,-7,230,1,0,232
7CF-Carceri,C,F,5,7C,Meghna Prabhakaran,8,52.7,7,transparent,7,13,-8,14,1,0,16,34,transparent,0:42,34,-8,94,-8,0,1,-8
7HF-Chromatic,H,F,1,7H,Meghna Prabhakaran,7,52.7,27,wrong.door,34,126,27,128,1,1,130,133,transparent,2:20,133,220,201,222,1,0,225
7HF-Chromatic,H,F,2,7H,Meghna Prabhakaran,7,0,4,correct.door,-7,4,-7,9,1,0,16,19,wrong.door,1:31,84,179,19,181,1,2,184
7HF-Chromatic,H,F,3,7H,Meghna Prabhakaran,9,58.9,0,transparent,0,67,50,70,1,0,77,90,whiteboard,2:44,155,168,102,171,1,1,182
7HF-Chromatic,H,F,4,7H,Meghna Prabhakaran,9,3.32,0,transparent,0,12,-9,14,2,0,44,77,wrong.door,,-9,101,77,104,1,1,140
7HF-Chromatic,H,F,5,7H,Meghna Prabhakaran,7,115.4,0,transparent,0,159,65,162,1,2,164,186,wrong.door,,-7,204,186,207,1,1,-7
7HM-Baroque,H,M,1,7H,Meghna Prabhakaran,13,7.98,18,correct.door,-13,18,-13,21,2,0,27,35,transparent,0:48,35,137,-13,138,1,0,141
7HM-Baroque,H,M,2,7H,Meghna Prabhakaran,9,0,1,correct.door,-9,1,-9,2,1,0,56,58,transparent,1:07,58,106,87,108,2,1,134
7HM-Baroque,H,M,3,7H,Meghna Prabhakaran,9,19.5,14,transparent,14,85,38,87,1,2,90,93,transparent,1:42,93,106,-9,108,1,0,111
7HM-Baroque,H,M,4,7H,Meghna Prabhakaran,12,35,63,transparent,63,101,-12,102,1,0,109,112,transparent,2:04,112,130,192,133,1,2,-12
7HM-Baroque,H,M,5,7H,Meghna Prabhakaran,5,22.1,57,transparent,57,94,126,-5,0,2,-5,-5,,,-5,-5,-5,-5,0,0,-5
7HM-Acrylic,H,M,1,7H,Meghna Prabhakaran,8,51.5,-1,transparent,-1,225,100,229,1,1,235,240,transparent,4:08,240,-8,-8,-8,0,0,-8
7HM-Acrylic,H,M,2,7H,Meghna Prabhakaran,8,58.8,67,transparent,67,203,151,206,1,1,209,211,transparent,3:39,211,234,-8,237,1,0,242
7HM-Acrylic,H,M,3,7H,Meghna Prabhakaran,6,78.1,0,transparent,0,265,15,268,1,2,289,300,transparent,5:06,300,309,-6,-6,0,0,-6
7HM-Acrylic,H,M,4,7H,Meghna Prabhakaran,7,5.7,101,transparent,101,231,112,235,1,2,238,281,wrong.door,,-7,295,281,297,1,0,305
7HM-Acrylic,H,M,5,7H,Meghna Prabhakaran,6,9.65,83,wrong.door,152,185,83,190,1,0,195,207,transparent,3:33,207,288,228,290,1,0,299
7HF-Bitmap,H,F,1,7H,Meghna Prabhakaran,6,71.8,0,wrong.door,54,94,0,113,2,1,114,118,transparent,2:04,118,-6,135,-6,0,2,-6
7HF-Bitmap,H,F,2,7H,Meghna Prabhakaran,6,15.1,0,transparent,0,64,-6,67,1,0,69,72,transparent,1:18,72,242,84,244,1,2,255
7HF-Bitmap,H,F,3,7H,Meghna Prabhakaran,6,4.14,0,wrong.door,27,33,0,35,1,1,38,42,correct.door,,-6,42,-6,45,1,0,51
7HF-Bitmap,H,F,4,7H,Meghna Prabhakaran,5,4.92,1,transparent,1,9,-5,40,1,0,43,51,correct.door,,-5,51,-5,53,1,0,59
7HF-Bitmap,H,F,5,7H,Meghna Prabhakaran,6,12.6,0,wrong.door,52,93,0,95,1,1,98,104,transparent,1:50,104,191,164,193,1,1,198
7HF-Aperture,H,F,1,7H,Meghna Prabhakaran,7,49,1,transparent,1,80,28,82,1,3,83,87,transparent,1:34,87,101,-7,103,1,0,105
7HF-Aperture,H,F,2,7H,Meghna Prabhakaran,11,44.1,21,wrong.door,31,179,21,181,1,6,182,185,transparent,3:16,185,200,193,201,1,1,203
7HF-Aperture,H,F,3,7H,Meghna Prabhakaran,10,0,1,correct.door,-10,1,-10,3,1,0,4,8,transparent,0:18,8,48,31,50,1,1,52
7HF-Aperture,H,F,4,7H,Meghna Prabhakaran,10,16.4,2,transparent,2,78,57,80,1,1,81,87,transparent,1:37,87,94,-10,95,1,0,100
7HF-Aperture,H,F,5,7H,Meghna Prabhakaran,8,0,1,transparent,1,59,-8,68,1,0,71,78,wrong.door,,-8,88,78,90,1,1,96
10LF-Anakin,L,F,1,10L,Meghna Prabhakaran,6,49.9,19,transparent,19,84,-6,88,1,0,89,94,wrong.door,1:45,99,106,94,109,1,1,116
10LF-Anakin,L,F,2,10L,Meghna Prabhakaran,6,196.5,0,transparent,0,21,257,24,3,1,26,33,whiteboard,4:57,291,-6,111,-6,0,1,-6
10LF-Anakin,L,F,3,10L,Meghna Prabhakaran,6,64.9,0,transparent,0,22,45,277,1,2,284,293,transparent,4:59,293,-6,302,-6,0,1,-6
10LF-Anakin,L,F,4,10L,Meghna Prabhakaran,5,33.4,0,transparent,0,48,32,51,3,2,63,68,wrong.door,,-5,233,68,235,1,1,240
10LF-Anakin,L,F,5,10L,Meghna Prabhakaran,6,2.7,13,correct.door,-6,13,225,15,2,1,25,34,transparent,0:40,34,-6,47,-6,0,1,-6
10LF-BobaFett,L,F,1,10L,Meghna Prabhakaran,7,158.7,0,transparent,0,144,110,149,1,0,155,199,correct.door,3:32,205,199,-7,201,1,0,-7
10LF-BobaFett,L,F,2,10L,Meghna Prabhakaran,7,27.9,0,transparent,0,107,47,116,1,2,127,135,correct.door,2:30,143,135,-7,138,1,0,227
10LF-BobaFett,L,F,3,10L,Meghna Prabhakaran,8,1.16,-1,wrong.door,158,162,-1,187,1,2,195,206,wrong.door,,-8,223,206,226,1,1,249
10LF-BobaFett,L,F,4,10L,Meghna Prabhakaran,8,0,60,correct.door,-8,60,-8,65,1,0,79,85,correct.door,,-8,85,-8,89,1,0,102
10LF-BobaFett,L,F,5,10L,Meghna Prabhakaran,9,32.9,1,transparent,1,17,150,22,2,1,36,208,transparent,3:37,208,238,219,241,2,1,271
10LM-C3PO,L,M,1,10L,Meghna Prabhakaran,7,121.9,26,wrong.door,34,255,26,-7,0,5,-7,-7,,,-7,-7,-7,-7,0,0,-7
10LM-C3PO,L,M,2,10L,Meghna Prabhakaran,5,74,0,wrong.door,18,280,0,285,1,3,289,306,correct.door,,-5,306,-5,310,1,0,-5
10LM-C3PO,L,M,3,10L,Meghna Prabhakaran,6,11.9,0,transparent,0,138,121,144,1,1,148,155,wrong.door,,-6,169,155,172,1,1,182
10LM-C3PO,L,M,4,10L,Meghna Prabhakaran,6,6.58,75,wrong.door,176,170,75,255,1,3,260,271,wrong.door,,-6,-6,271,-6,0,1,-6
10LM-C3PO,L,M,5,10L,Meghna Prabhakaran,6,0,9,wrong.door,-6,-6,9,-6,0,1,-6,-6,,,-6,-6,-6,-6,0,0,-6
10HF-BlackPepper,H,F,1,10H,Meghna Prabhakaran,8,43.9,0,transparent,0,41,33,44,2,0,88,91,transparent,1:39,91,125,-8,127,1,0,131
10HF-BlackPepper,H,F,2,10H,Meghna Prabhakaran,6,0,7,correct.door,-6,7,-6,11,1,0,18,24,transparent,0:30,24,41,-6,42,1,0,46
10HF-BlackPepper,H,F,3,10H,Meghna Prabhakaran,5,28.6,0,transparent,0,85,30,88,1,2,90,98,transparent,1:43,98,115,105,117,1,1,123
10HF-BlackPepper,H,F,4,10H,Meghna Prabhakaran,5,38.8,0,transparent,0,117,72,122,1,1,128,147,correct.door,,-5,147,-5,150,1,0,160
10HF-BlackPepper,H,F,5,10H,Meghna Prabhakaran,5,6.4,1,transparent,1,16,-5,21,1,0,29,98,transparent,1:43,98,138,119,255,1,0,287
10HF-Allspice,H,F,1,10H,Meghna Prabhakaran,8,55.4,35,whiteboard,42,113,88,117,1,1,121,123,transparent,2:11,123,130,-8,134,1,0,140
10HF-Allspice,H,F,2,10H,Meghna Prabhakaran,6,13.7,16,transparent,16,38,26,44,1,0,48,52,transparent,0:58,52,68,-6,87,1,0,90
10HF-Allspice,H,F,3,10H,Meghna Prabhakaran,6,5.33,26,whiteboard,33,38,-6,42,1,0,48,64,correct.door,,-6,64,-6,67,1,0,73
10HF-Allspice,H,F,4,10H,Meghna Prabhakaran,6,27.1,6,transparent,6,69,54,72,1,1,75,82,transparent,1:28,82,129,-6,131,1,0,135
10HF-Allspice,H,F,5,10H,Meghna Prabhakaran,6,4.22,22,transparent,22,29,-6,34,1,0,39,47,transparent,0:53,47,70,-6,71,1,0,76
13HM-Cerise,H,M,1,13H,caylee,6,35.23,107,transparent,107,150,-6,151,1,0,158,164,transparent,2:50,164,-6,178,-6,0,2,-6
13HM-Cerise,H,M,2,13H,caylee,5,11.53,1,transparent,1,25,-5,27,1,0,33,49,transparent,0:54,49,58,-5,153,1,0,156
13HM-Cerise,H,M,3,13H,caylee,4,10.69,4,transparent,4,29,-4,52,1,0,70,132,correct.door,,-4,132,-4,137,1,0,144
13HM-Cerise,H,M,4,13H,caylee,5,2.96,21,transparent,21,28,-5,35,1,0,61,151,correct.door,,-5,151,-5,154,1,0,163
13HM-Cerise,H,M,5,13H,caylee,5,36.17,1,transparent,1,22,-5,120,1,0,135,152,transparent,2:37,152,214,-5,276,1,0,-5
13HM-Blush,H,M,1,13H,caylee,7,16.57,4,transparent,4,88,-7,93,1,0,96,102,wrong.door,1:56,109,117,102,120,1,1,124
13HM-Blush,H,M,2,13H,caylee,5,19.2,8,transparent,8,66,-5,143,1,0,148,154,transparent,2:39,154,306,278,309,1,1,-5
13HM-Blush,H,M,3,13H,caylee,6,1.43,12,transparent,12,-6,-6,-6,0,0,-6,-6,,,-6,-6,-6,-6,0,0,-6
13HM-Blush,H,M,4,13H,caylee,5,0,-5,,-5,-5,-5,-5,0,0,-5,-5,,,-5,-5,-5,-5,0,0,-5
13HM-Blush,H,M,5,13H,caylee,5,2.27,5,transparent,5,-5,-5,-5,0,0,-5,-5,,,-5,-5,-5,-5,0,0,-5
13HM-Amaranth,H,M,1,13H,caylee,6,1.39,0,transparent,0,161,196,161,2,1,220,231,transparent,3:57,231,246,242,247,1,1,250
13HM-Amaranth,H,M,2,13H,caylee,5,2.17,0,transparent,0,139,-5,141,1,0,153,176,wrong.door,3:06,181,207,176,209,1,2,212
13HM-Amaranth,H,M,3,13H,caylee,5,0,6,correct.door,-5,6,-5,72,1,0,88,127,transparent,2:12,127,248,153,253,2,3,294
13HM-Amaranth,H,M,4,13H,caylee,8,0,30,correct.door,-8,30,-8,35,1,0,43,90,transparent,1:38,90,108,-8,112,1,0,119
13HM-Amaranth,H,M,5,13H,caylee,4,1.3,2,transparent,2,127,-4,145,1,0,162,194,transparent,3:18,194,263,223,265,1,1,272
12HM-Chronus,H,M,1,12H,caylee,6,10.46,20,transparent,20,68,59,70,1,1,73,83,correct.door,,-6,83,-6,-6,0,0,-6
12HM-Chronus,H,M,2,12H,caylee,5,2,3,correct.door,127,3,188,7,2,2,37,66,transparent,1:11,66,-5,-5,-5,0,0,-5
12HM-Chronus,H,M,3,12H,caylee,5,4.97,8,correct.door,188,8,-5,53,2,0,68,91,transparent,1:36,91,228,-5,229,1,0,235
12HM-Chronus,H,M,4,12H,caylee,5,55.48,36,transparent,36,125,-5,131,1,0,143,152,transparent,2:37,152,196,174,200,1,1,209
12HM-Chronus,H,M,5,12H,caylee,5,36.32,1,transparent,1,227,6,-5,0,1,-5,-5,,,-5,-5,-5,-5,0,0,-5
12HM-Bacchus,H,M,1,12H,caylee,6,53.58,77,transparent,77,217,250,-6,0,1,-6,-6,,,-6,-6,-6,-6,0,0,-6
12HM-Bacchus,H,M,2,12H,caylee,5,20.17,8,transparent,8,62,-5,64,1,0,67,73,transparent,1:18,73,165,101,166,1,1,169
12HM-Bacchus,H,M,3,12H,caylee,6,15.8,30,transparent,30,82,-6,84,1,0,88,91,transparent,1:37,91,144,99,147,1,0,155
12HM-Bacchus,H,M,4,12H,caylee,5,0,141,correct.door,-5,141,-5,142,2,0,152,158,transparent,2:43,158,-5,164,-5,0,0,-5
12HM-Bacchus,H,M,5,12H,caylee,6,11.21,3,transparent,3,86,-6,128,1,0,135,164,correct.door,3:18,192,164,183,277,1,0,283
12HM-Ares,H,M,1,12H,caylee,5,10,99,transparent,99,-5,-5,-5,0,0,-5,-5,,,-5,-5,-5,-5,0,0,-5
12HM-Ares,H,M,2,12H,caylee,5,10.86,176,transparent,176,-5,-5,-5,0,0,-5,-5,,,-5,-5,-5,-5,0,0,-5
12HM-Ares,H,M,3,12H,caylee,5,0,-5,,-5,-5,-5,-5,0,0,-5,-5,,,-5,-5,-5,-5,0,0,-5
12HM-Ares,H,M,4,12H,caylee,4,0,-4,,-4,-4,-4,-4,0,0,-4,-4,,,-4,-4,-4,-4,0,0,-4
12HM-Ares,H,M,5,12H,caylee,5,0,-5,,-5,-5,-5,-5,0,0,-5,-5,,,-5,-5,-5,-5,0,0,-5
12CF-CAD,C,F,1,12C,caylee,6,10.3,1,transparent,1,68,60,88,1,1,90,92,transparent,1:38,92,115,-6,116,1,0,120
12CF-CAD,C,F,2,12C,caylee,4,10.01,2,correct.door,7,2,13,34,1,0,38,45,transparent,0:49,45,67,57,86,1,1,89
12CF-CAD,C,F,3,12C,caylee,4,14.92,1,transparent,1,32,-4,36,1,0,40,44,transparent,0:48,44,82,56,101,1,1,104
12CF-CAD,C,F,4,12C,caylee,5,43.39,1,transparent,1,20,114,22,2,0,141,150,transparent,2:35,150,162,-5,163,1,0,165
12CF-CAD,C,F,5,12C,caylee,6,7.02,4,transparent,4,26,-6,28,1,0,46,147,correct.door,2:41,155,147,-6,169,1,0,175
12CM-Belt,C,M,1,12C,caylee,6,2.86,16,transparent,16,29,46,31,3,1,98,102,transparent,1:48,102,118,112,119,2,0,279
12CM-Belt,C,M,2,12C,caylee,4,3.32,5,correct.door,-4,5,-4,10,1,0,17,31,correct.door,1:14,70,31,-4,33,2,0,79
12CM-Belt,C,M,3,12C,caylee,5,21.73,2,transparent,2,20,-5,47,1,0,53,58,correct.door,,-5,58,-5,60,1,0,66
12CM-Belt,C,M,4,12C,caylee,5,2.82,23,transparent,23,-5,-5,-5,0,0,-5,-5,,,-5,-5,-5,-5,0,0,-5
12CM-Belt,C,M,5,12C,caylee,5,20.55,1,transparent,1,-5,-5,-5,0,0,-5,-5,,,-5,-5,-5,-5,0,0,-5
12CF-Blender,C,F,1,12C,caylee,4,9.95,1,transparent,1,33,-4,-4,0,0,-4,-4,,,-4,-4,-4,-4,0,0,-4
12CF-Blender,C,F,2,12C,caylee,5,14.72,6,transparent,6,-5,-5,-5,0,0,-5,-5,,,-5,-5,-5,-5,0,0,-5
12CF-Blender,C,F,3,12C,caylee,5,4.72,15,transparent,15,-5,-5,-5,0,0,-5,-5,,,-5,-5,-5,-5,0,0,-5
12CF-Blender,C,F,4,12C,caylee,5,4.8,14,transparent,14,-5,87,-5,0,0,-5,-5,,,-5,-5,-5,-5,0,0,-5
12CF-Blender,C,F,5,12C,caylee,5,0,150,wrong.door,-5,-5,150,-5,0,0,-5,-5,,,-5,-5,-5,-5,0,0,-5
12CM-Axis,C,M,1,12C,caylee,5,40.02,5,wrong.door,16,79,5,81,1,1,85,91,wrong.door,1:38,93,140,91,141,1,0,144
12CM-Axis,C,M,2,12C,caylee,4,0,17,correct.door,-4,17,-4,19,1,0,26,33,transparent,0:37,33,42,-4,57,1,0,60
12CM-Axis,C,M,3,12C,caylee,6,13.04,2,transparent,2,16,-6,18,1,0,27,36,correct.door,,-6,36,-6,38,1,0,50
12CM-Axis,C,M,4,12C,caylee,5,52.14,1,transparent,1,70,-5,72,1,0,79,92,transparent,1:37,92,116,-5,187,1,0,197
12CM-Axis,C,M,5,12C,caylee,5,8.57,2,wrong.door,21,29,2,32,2,1,37,47,correct.door,2:14,129,47,269,49,1,1,-5
12CF-Autodesk,C,F,1,12C,caylee,6,18.49,25,correct.door,28,25,-6,73,1,0,80,86,wrong.door,1:34,88,119,86,120,1,1,123
12CF-Autodesk,C,F,2,12C,caylee,5,5.32,10,correct.door,17,10,-5,35,1,0,42,49,transparent,0:54,49,96,56,97,1,2,106
12CF-Autodesk,C,F,3,12C,caylee,5,0,3,correct.door,-5,3,-5,6,1,0,14,18,wrong.door,0:27,22,37,18,38,1,1,43
12CF-Autodesk,C,F,4,12C,caylee,5,7.98,147,transparent,147,155,-5,212,1,0,223,227,wrong.door,3:57,232,239,227,240,1,0,248
12CF-Autodesk,C,F,5,12C,caylee,5,0,-5,,-5,-5,-5,-5,0,0,-5,-5,,,-5,-5,-5,-5,0,0,-5
11HM-Basilisk,H,M,1,11H,caylee,4,10.66,27,transparent,27,69,-4,72,1,0,78,107,correct.door,,-4,107,-4,109,1,0,125
11HM-Basilisk,H,M,2,11H,caylee,5,3.87,2,transparent,2,-5,-5,-5,0,0,-5,-5,,,-5,-5,-5,-5,0,0,-5
11HM-Basilisk,H,M,3,11H,caylee,5,0,3,correct.door,-5,3,-5,6,1,0,11,-5,,,-5,-5,-5,-5,0,0,-5
11HM-Basilisk,H,M,4,11H,caylee,5,0,-5,,-5,-5,-5,-5,0,0,-5,-5,,,-5,-5,-5,-5,0,0,-5
11HM-Basilisk,H,M,5,11H,caylee,5,6.12,3,transparent,3,-5,-5,-5,0,0,-5,-5,,,-5,-5,-5,-5,0,0,-5
11HM-Chameleon,H,M,1,11H,caylee,5,22.53,1,correct.door,201,1,211,263,1,1,270,293,wrong.door,5:09,304,309,293,311,1,1,-5
11HM-Chameleon,H,M,2,11H,caylee,4,1.08,0,transparent,0,1,-4,30,1,0,41,60,correct.door,1:35,91,60,116,-4,0,1,-4
11HM-Chameleon,H,M,3,11H,caylee,4,0,1,correct.door,-4,1,-4,31,1,0,38,54,wrong.door,1:13,69,-4,54,-4,0,1,-4
11HM-Chameleon,H,M,4,11H,caylee,5,18.33,1,transparent,1,153,8,-5,0,3,-5,-5,,,-5,-5,-5,-5,0,0,-5
11HM-Chameleon,H,M,5,11H,caylee,5,8.97,1,transparent,1,62,7,247,1,3,-5,-5,,,-5,-5,-5,-5,0,0,-5
11HM-Anole,H,M,1,11H,caylee,5,0,-5,,-5,-5,-5,-5,0,0,-5,-5,,,-5,-5,-5,-5,0,0,-5
11HM-Anole,H,M,2,11H,caylee,5,0,-5,,-5,-5,-5,-5,0,0,-5,-5,,,-5,-5,-5,-5,0,0,-5
11HM-Anole,H,M,3,11H,caylee,4,0,-4,,-4,-4,-4,-4,0,0,-4,-4,,,-4,-4,-4,-4,0,0,-4
11HM-Anole,H,M,4,11H,caylee,5,0,-5,,-5,-5,-5,-5,0,0,-5,-5,,,-5,-5,-5,-5,0,0,-5
11HM-Anole,H,M,5,11H,caylee,5,0,-5,,-5,-5,-5,-5,0,0,-5,-5,,,-5,-5,-5,-5,0,0,-5
11LM-Burnt,L,M,1,11L,caylee,5,26.97,2,transparent,2,9,-5,10,2,0,89,97,transparent,1:42,97,102,-5,104,2,0,125
11LM-Burnt,L,M,2,11L,caylee,6,0,1,correct.door,-6,1,-6,39,1,0,43,50,wrong.door,1:18,72,53,50,74,1,0,76
11LM-Burnt,L,M,3,11L,caylee,6,0,22,correct.door,-6,22,-6,25,1,0,29,40,wrong.door,1:05,59,102,40,103,1,2,105
11LM-Burnt,L,M,4,11L,caylee,6,0,16,correct.door,-6,16,-6,21,1,0,25,31,transparent,0:37,31,108,39,110,1,0,115
11LM-Burnt,L,M,5,11L,caylee,7,10,72,wrong.door,110,106,72,260,1,2,265,279,transparent,4:46,279,288,-7,290,1,0,297
11LM-Coral,L,M,1,11L,caylee,4,51.94,1,transparent,1,100,71,102,1,1,103,107,transparent,1:51,107,155,141,158,1,0,-4
11LM-Coral,L,M,2,11L,caylee,5,1.39,1,transparent,1,278,196,280,1,2,285,291,transparent,4:56,291,-5,-5,-5,0,0,-5
11LM-Coral,L,M,3,11L,caylee,5,1.03,27,transparent,27,-5,76,-5,0,0,-5,-5,,,-5,-5,-5,-5,0,0,-5
11LM-Coral,L,M,4,11L,caylee,5,0,-5,,-5,-5,-5,-5,0,0,-5,-5,,,-5,-5,-5,-5,0,0,-5
11LM-Coral,L,M,5,11L,caylee,5,47.82,1,transparent,1,-5,95,-5,0,1,-5,-5,,,-5,-5,-5,-5,0,0,-5
11LM-Apricot,L,M,1,11L,caylee,5,18.25,2,transparent,2,34,-5,36,1,0,39,44,transparent,0:49,44,46,-5,48,1,0,49
11LM-Apricot,L,M,2,11L,caylee,4,10.51,1,transparent,1,28,145,29,3,0,32,43,transparent,0:47,43,184,51,186,1,3,190
11LM-Apricot,L,M,3,11L,caylee,5,0,2,correct.door,-5,2,-5,4,1,0,8,29,transparent,0:34,29,68,37,69,1,1,70
11LM-Apricot,L,M,4,11L,caylee,5,0,2,correct.door,-5,2,-5,4,1,0,6,80,wrong.door,,-5,89,80,90,1,0,97
11LM-Apricot,L,M,5,11L,caylee,5,12.73,1,transparent,1,10,186,12,3,1,16,78,transparent,1:23,78,-5,98,-5,0,2,-5
11CF-Arrow,C,F,1,11C,caylee,7,18,1,transparent,1,47,-7,94,1,0,112,123,transparent,2:10,123,154,139,-7,0,2,-7
11CF-Arrow,C,F,2,11C,caylee,8,7.15,0,transparent,0,7,-8,9,1,0,41,43,transparent,0:51,43,54,-8,55,1,0,61
11CF-Arrow,C,F,3,11C,caylee,6,22.53,0,transparent,0,22,-6,23,1,0,34,62,transparent,1:08,62,66,86,145,1,1,152
11CF-Arrow,C,F,4,11C,caylee,5,25.43,1,transparent,1,57,2,80,1,1,82,92,transparent,1:37,92,104,-5,106,1,0,111
11CF-Arrow,C,F,5,11C,caylee,6,12.99,32,correct.door,75,32,-6,96,2,0,158,-6,,,-6,-6,-6,-6,0,0,-6
11CF-Bow,C,F,1,11C,caylee,5,1.45,55,correct.door,177,55,-5,57,1,0,70,77,transparent,1:22,77,-5,87,-5,0,0,-5
11CF-Bow,C,F,2,11C,caylee,5,0,45,correct.door,-5,45,-5,47,1,0,56,66,transparent,1:11,66,92,-5,93,1,0,98
11CF-Bow,C,F,3,11C,caylee,7,11.03,44,wrong.door,55,69,44,72,1,1,83,103,correct.door,,-7,103,-7,105,1,0,113
11CF-Bow,C,F,4,11C,caylee,5,0,73,correct.door,-5,73,-5,83,1,0,102,110,correct.door,,-5,110,-5,115,1,0,127
11CF-Bow,C,F,5,11C,caylee,6,4.24,14,transparent,14,84,-6,87,1,0,100,112,correct.door,,-6,112,145,121,1,1,-6
7HM-Collage,C,M,1,7H,Lauren Stacy,7,6,4,transparent,4,30,-7,31,1,0,35,38,correct.door,,-7,38,-7,41,1,0,43
7HM-Collage,C,M,2,7H,lauren stacy,8,41.03,1,transparent,1,89,52,92,1,2,95,98,correct.door,,-8,98,-8,99,1,0,104
7HM-Collage,C,M,3,7H,lauren stacy,9,0,15,correct.door,15,12,90,172,1,1,176,181,transparent,3:10,181,246,222,246,1,1,250
7HM-Collage,C,M,4,7H,lauren stacy,8,7.3,2,transparent,2,93,-8,98,1,0,103,165,correct.door,,-8,165,-8,167,1,0,169
7HM-Collage,C,M,5,7H,lauren stacy,9,16.24,78,transparent,78,108,93,111,1,1,116,234,transparent,4:03,234,246,-9,248,1,0,259
8CM-Abra,C,M,1,8C,lauren stacy,8,20.91,2,transparent,2,41,8,42,1,2,45,47,transparent,0:55,47,51,-8,55,1,0,55
8CM-Abra,C,M,2,8C,lauren stacy,5,31.11,1,transparent,1,51,25,53,1,2,56,58,transparent,1:03,58,64,-5,65,1,0,68
8CM-Abra,C,M,3,8C,lauren stacy,7,17.47,20,wrong.door,32,59,20,60,1,1,66,68,wrong.door,1:20,73,76,73,77,1,0,78
8CM-Abra,C,M,4,8C,lauren stacy,7,0,3,correct.door,-7,3,-7,66,1,0,14,22,wrong.door,0:38,31,35,22,36,1,1,39
8CM-Abra,C,M,5,8C,lauren stacy,7,14.24,78,transparent,78,129,-7,131,2,1,150,162,correct.door,2:58,171,162,176,-7,0,1,-7
8CF-Charmander,C,F,1,8C,lauren stacy,5,53.53,1,wrong.door,113,194,1,200,1,1,205,210,transparent,3:35,210,241,231,-5,0,1,-5
8CF-Charmander,C,F,2,8C,lauren stacy,10,17.91,0,transparent,0,59,8,62,2,2,71,82,transparent,1:32,82,275,101,-10,0,2,-10
8CF-Charmander,C,F,3,8C,lauren stacy,10,15.24,39,transparent,39,158,142,161,1,1,169,172,wrong.door,3:25,195,207,172,211,1,1,221
8CF-Charmander,C,F,4,8C,lauren stacy,7,6.75,4,transparent,4,9,-7,11,1,0,30,34,transparent,0:41,34,69,39,-7,3,0,-7
8CF-Charmander,C,F,5,8C,lauren stacy,6,44.96,1,transparent,1,273,49,279,1,1,285,288,wrong.door,5:01,295,-6,288,-6,2,0,-6
8CF-Braixen,C,F,1,8C,lauren stacy,7,20.31,89,transparent,89,152,115,155,1,2,161,164,transparent,2:51,164,240,213,273,1,0,-7
8CF-Braixen,C,F,2,8C,lauren stacy,8,82.55,56,transparent,#REF!,242,64,246,1,5,251,262,transparent,4:30,262,265,-8,277,1,0,282
8CF-Braixen,C,F,3,8C,lauren stacy,6,64.98,3,transparent,58,184,42,187,1,0,191,205,wrong.door,3:36,210,243,205,246,2,0,-6
8CF-Braixen,C,F,4,8C,lauren stacy,6,42.81,32,transparent,32,62,89,173,1,0,185,193,wrong.door,,-6,209,193,211,1,0,216
8CF-Braixen,C,F,5,8C,Lauren Stacy,6,81.38,2,transparent,2,114,-6,128,1,0,133,153,correct.door,,274,153,-6,160,1,0,165
8CF-Arcanine,C,F,1,8C,Lauren Stacy,5,28.05,1,transparent,1,61,23,62,1,1,68,275,transparent,4:40,,-5,-5,-5,0,0,-5
8CF-Arcanine,C,F,2,8C,Lauren Stacy,5,80.45,0,transparent,0,108,33,111,1,1,116,120,correct.door,,-5,120,-5,122,1,0,130
8CF-Arcanine,C,F,3,8C,Lauren Stacy,15,46.47,0,transparent,0,9,-15,20,4,2,22,22,transparent,0:37,22,49,-15,-15,0,0,-15
8CF-Arcanine,C,F,4,8C,Lauren Stacy,8,7.32,0,transparent,0,7,-8,8,1,0,9,10,transparent,0:18,10,46,16,48,1,1,53
8CF-Arcanine,C,F,5,8C,Lauren Stacy,6,8.75,0,transparent,0,12,-6,13,1,0,16,18,transparent,0:24,18,22,-6,24,1,0,27
8LM-Colin,C,M,1,8L,Lauren Stacy,9,46.15,5,correct.door,14,5,-9,97,1,0,106,111,transparent,2:00,111,160,133,213,1,1,218
8LM-Colin,C,M,2,8L,Lauren Stacy,7,12.43,5,wrong.door,27,80,5,81,1,2,91,96,transparent,1:43,96,105,-7,106,1,1,107
8LM-Colin,C,M,3,8L,Lauren Stacy,6,76.97,1,transparent,1,275,4,319,1,7,-6,-6,,,-6,-6,-6,-6,0,0,-6
8LM-Colin,C,M,4,8L,Lauren Stacy,10,0,0,correct.door,-10,0,-10,2,1,0,3,31,transparent,0:41,31,97,-10,101,1,0,-10
8LM-Colin,C,M,5,8L,Lauren Stacy,11,14.78,1,wrong.door,43,-11,1,-11,0,0,-11,-11,,,-11,-11,-11,-11,0,0,-11
8LM-Benedict,C,M,1,8L,Lauren Stacy,5,29.95,100,transparent,100,278,144,304,1,0,309,326,correct.door,,-5,326,-5,-5,0,0,-5
8LM-Benedict,C,M,2,8L,Lauren Stacy,8,11.29,58,transparent,58,140,-8,143,1,0,150,169,wrong.door,4:14,246,194,169,196,2,1,-8
8LM-Benedict,C,M,3,8L,Lauren Stacy,4,11.55,0,transparent,0,301,19,-4,0,2,-4,-4,,,-4,-4,-4,-4,0,0,-4
8LM-Benedict,C,M,4,8L,Lauren Stacy,6,13.21,5,wrong.door,20,-6,5,-6,0,1,-6,-6,,,-6,-6,-6,-6,0,0,-6
8LM-Benedict,C,M,5,8L,Lauren Stacy,6,0,0,transparent,0,0,-6,1,1,0,5,29,transparent,0:35,29,33,-6,34,1,0,57
8LM-Anthony,C,M,1,8L,Lauren Stacy,6,28.37,1,correct.door,120,1,128,3,2,1,8,11,transparent,0:17,11,169,165,170,1,1,172
8LM-Anthony,C,M,2,8L,Lauren Stacy,8,0,6,correct.door,-8,6,-8,9,1,0,11,13,transparent,0:21,13,41,23,43,1,1,45
8LM-Anthony,C,M,3,8L,Lauren Stacy,5,35.84,0,transparent,0,114,37,126,1,3,129,139,transparent,2:24,139,163,-5,166,1,0,172
8LM-Anthony,C,M,4,8L,Lauren Stacy,6,16.37,49.99583333,transparent,49.99583333,82.99583333,55.99583333,85.99583333,1,1,94.99583333,123.9958333,transparent,2:04,123.9958333,153.9958333,-0.004166667,158.9958333,1,0,162.9958333
8LM-Anthony,C,M,5,8L,Lauren Stacy,9,5.4,3,transparent,3,36,-9,39,1,0,43,71,transparent,1:20,71,104,81,271,1,0,277
8LF-Charlotte,C,F,1,8L,Lauren Stacy,9,40.24,1,correct.door,64,1,89,1,2,1,143,146,transparent,2:35,146,161,-9,-9,0,0,-9
8LF-Charlotte,C,F,2,8L,Lauren Stacy,10,30.18,1,transparent,1,12,51,65,2,2,88,91,transparent,1:41,91,95,-10,97,1,0,100
8LF-Charlotte,C,F,3,8L,Lauren Stacy,7,32.12,35,wrong.door,41,50,35,52,2,1,55,61,transparent,1:08,61,170,160,268,1,1,270
8LF-Charlotte,C,F,4,8L,Lauren Stacy,6,0,2,correct.door,-6,2,-6,9,1,0,15,45,transparent,0:51,45,65,50,67,1,1,70
8LF-Charlotte,C,F,5,8L,Lauren Stacy,7,6.93,0,transparent,0,9,-7,31,1,0,35,87,transparent,1:34,87,138,-7,140,1,0,144
8LF-Agatha,C,F,1,8L,Lauren Stacy,8,20.77,8,wrong.door,25,62,8,65,2,1,119,123,transparent,2:11,123,127,-8,130,1,0,146
8LF-Agatha,C,F,2,8L,Lauren Stacy,5,6.69,7,correct.door,30,7,35,60,1,1,72,75,transparent,1:20,75,81,-5,83,1,0,90
8LF-Agatha,C,F,3,8L,Lauren Stacy,7,0,9,correct.door,-7,9,-7,9,1,0,20,34,transparent,0:41,34,54,-7,58,1,0,73
8LF-Agatha,C,F,4,8L,Lauren Stacy,5,16.71,113,transparent,113,150,-5,154,1,0,159,169,correct.door,2:57,172,169,-5,221,1,0,231
8LF-Agatha,C,F,5,8L,Lauren Stacy,6,25.49,67,transparent,67,263,-6,268,1,0,278,286,correct.door,,-6,286,-6,-6,0,0,-6
8LF-Brimsley,C,F,1,8L,Lauren Stacy,5,28.45,2,correct.door,15,2,30,88,2,5,92,97,transparent,1:42,97,-5,112,-5,0,2,-5
8LF-Brimsley,C,F,2,8L,lauren stacy,7,57.79,1,transparent,1,132,20,133,1,6,136,139,transparent,2:26,139,150,-7,151,1,0,155
8LF-Brimsley,C,F,3,8L,lauren stacy,6,10.74,12,wrong.door,17,48,12,51,2,3,53,55,transparent,1:01,55,169,68,172,1,2,175
8LF-Brimsley,C,F,4,8L,lauren stacy,5,5.65,3,wrong.door,16,25,3,42,2,0,77,82,correct.door,,-5,82,-5,84,1,0,88
8LF-Brimsley,C,F,5,8L,lauren stacy,7,37.61,9,transparent,9,63,35,65,1,1,74,82,correct.door,,-7,82,-7,84,1,0,92
9CM-Chester,C,M,1,9C,lauren stacy,8,36.36,0,transparent,0,0,0,0,1,3,0,0,transparent,1:49,0,0,0,0,1,0,0
9CM-Chester,C,M,2,9C,lauren stacy,8,8.24,0,correct.door,0,0,0,0,1,1,0,0,transparent,1::03,0,0,0,0,1,0,0
9CM-Chester,C,M,3,9C,lauren stacy,7,39.28,28,transparent,28,75,36,113,1,2,117,126,transparent,2:13,126,148,-7,149,1,0,151
9CM-Chester,C,M,4,9C,lauren stacy,9,47.59,49,transparent,49,191,161,197,1,1,203,224,transparent,3:53,224,-9,-9,-9,0,0,-9
9CM-Chester,C,M,5,9C,lauren stacy,5,49.61,73,transparent,73,278,185,290,1,1,294,339,transparent,5:44,339,-5,352,-5,0,1,-5
9CF-Abigail,C,F,1,9C,lauren stacy,9,61.35,11,correct.door,13,11,40,96,2,2,55,98,transparent,1:47,98,125,121,233,1,2,234
9CF-Abigail,C,F,2,9C,lauren stacy,6,27.09,16,wrong.door,25,60,16,61,1,2,63,68,transparent,1:14,68,84,76,86,1,0,91
9CF-Abigail,C,F,3,9C,lauren stacy,5,6.88,32,transparent,32,35,-5,46,1,0,49,55,transparent,1:00,55,60,-5,62,1,0,63
9CF-Abigail,C,F,4,9C,lauren stacy,5,20.87,80,transparent,80,112,-5,114,1,0,117,123,transparent,2:08,123,255,156,-5,0,3,-5
9CF-Abigail,C,F,5,9C,lauren stacy,5,98.75,2,transparent,2,76,121,163,1,1,168,178,transparent,3:03,178,226,184,228,1,1,233
9CM-Donald,C,M,1,9C,lauren stacy,6,162.91,1,transparent,1,139,184,292,1,1,299,301,transparent,5:07,301,-6,-6,-6,0,0,-6
9CM-Donald,C,M,2,9C,lauren stacy,6,59.52,1,transparent,1,214,-6,226,1,0,256,275,wrong.door,4:51,285,-6,275,-6,0,0,-6
9CM-Donald,C,M,3,9C,lauren stacy,6,0,-6,,-6,-6,-6,-6,0,0,-6,-6,,,-6,-6,-6,-6,0,0,-6
9CM-Donald,C,M,4,9C,Lauren Stacy,6,0,-6,,-6,-6,-6,-6,0,0,-6,-6,,,-6,-6,-6,-6,0,0,-6
9CM-Donald,C,M,5,9C,Lauren Stacy,6,0,-6,,-6,-6,-6,-6,0,0,-6,-6,,,-6,-6,-6,-6,0,0,-6
9CM-Bill,C,M,1,9C,Lauren Stacy,7,51.42,26,correct.door,33,26,87,109,1,1,117,135,transparent,2:22,135,146,-7,149,1,0,152
9CM-Bill,C,M,2,9C,Lauren Stacy,7,20.12,33,correct.door,40,33,63,76,2,0,83,102,transparent,1:49,102,114,133,246,1,1,251
9CM-Bill,C,M,3,9C,Lauren Stacy,6,16.8,13,correct.door,31,13,-6,129,1,0,138,148,transparent,2:34,148,153,168,215,1,0,223
9CM-Bill,C,M,4,9C,Lauren Stacy,7,64.88,0,transparent,0,169,96,177,1,0,191,226,correct.door,4:16,249,226,242,-7,0,0,-7
9CM-Bill,C,M,5,9C,Lauren Stacy,7,118.39,0,transparent,0,224,279,-7,0,1,-7,-7,,,-7,-7,-7,-7,0,0,-7
9CF-Claudia,C,F,1,9C,Lauren Stacy,7,33.64,0,transparent,0,3,83,104,1,0,106,110,transparent,1:57,110,111,-7,113,1,0,116
9CF-Claudia,C,F,2,9C,Lauren Stacy,6,0,0,correct.door,-6,0,-6,77,1,0,81,83,transparent,1:29,83,151,121,153,1,1,155
9CF-Claudia,C,F,3,9C,Lauren Stacy,13,0,2,wrong.door,-13,32,2,34,1,1,41,46,transparent,0:59,46,66,53,67,1,1,70
9CF-Claudia,C,F,4,9C,Lauren Stacy,6,53.06,1,transparent,1,64,36,66,1,1,71,75,transparent,1:21,75,145,88,147,1,2,151
9CF-Claudia,C,F,5,9C,Lauren Stacy,6,49.58,2,wrong.door,18,53,2,93,1,3,95,103,transparent,1:49,103,132,119,150,1,1,154
9CM-Andrew,C,M,1,9C,Lauren Stacy,6,274.37,1,wrong.door,6,-6,1,-6,0,2,-6,-6,,,-6,-6,-6,-6,0,0,-6
9CM-Andrew,C,M,2,9C,Lauren Stacy,5,21.09,2,wrong.door,32,135,2,137,1,2,139,141,transparent,2:26,141,162,-5,164,1,0,168
9CM-Andrew,C,M,3,9C,Lauren Stacy,8,36.54,0,transparent,0,64,20,67,1,0,70,76,transparent,1:24,76,86,-8,89,1,0,97
9CM-Andrew,C,M,4,9C,Lauren Stacy,10,0,1,correct.door,-10,1,-10,4,1,0,13,39,correct.door,,-10,39,-10,42,1,0,45
9CM-Andrew,C,M,5,9C,Lauren Stacy,8,18.82,5,correct.door,50,5,71,26,2,1,102,105,wrong.door,2:04,116,143,105,145,1,1,152
9CF-Barbara,C,F,1,9C,Lauren Stacy,12,8.37,59,transparent,59,73,-12,76,1,0,81,84,transparent,1:36,84,99,-12,100,1,0,104
9CF-Barbara,C,F,2,9C,Lauren Stacy,9,0,0,wrong.door,-9,146,0,147,1,0,157,167,transparent,2:56,167,-9,-9,-9,0,0,-9
9CF-Barbara,C,F,3,9C,Lauren Stacy,6,17.49,46,wrong.door,83,110,46,163,1,0,169,190,transparent,3:16,190,-6,-6,-6,0,0,-6
9CF-Barbara,C,F,4,9C,Lauren Stacy,10,14.69,164,transparent,164,-10,181,-10,0,0,-10,-10,,,-10,-10,-10,-10,0,0,-10
9CF-Barbara,C,F,5,9C,Lauren Stacy,14,0,190,correct.door,-14,190,-14,-14,0,0,-14,-14,,,-14,-14,-14,-14,0,0,-14
9LM-Barite,C,M,1,9L,Lauren Stacy,6,211.27,0,transparent,0,160,-6,166,0,0,-6,-6,,,-6,-6,-6,-6,0,0,-6
9LM-Barite,C,M,2,9L,Lauren Stacy,7,4.91,37,correct.door,41,37,49,101,1,1,119,126,wrong.door,2:49,162,187,126,192,1,1,199
9LM-Barite,C,M,3,9L,Lauren Stacy,5,35.32,155,transparent,155,-5,261,-5,0,0,-5,-5,,,-5,-5,-5,-5,0,0,-5
9LM-Barite,C,M,4,9L,Lauren Stacy,5,0,1,correct.door,-5,1,179,62,1,1,-5,-5,,,-5,-5,-5,-5,0,0,-5
9LM-Barite,C,M,5,9L,Lauren Stacy,5,0,54,correct.door,-5,54,-5,60,2,0,193,270,transparent,4:35,270,-5,-5,-5,0,0,-5
9LM-Amethyst,C,M,1,9L,Lauren Stacy,6,49.29,1,transparent,1,44,-6,47,2,1,51,56,transparent,1:02,56,109,76,110,1,2,222
9LM-Amethyst,C,M,2,9L,Lauren Stacy,6,117.84,8,transparent,8,184,110,187,1,1,189,193,correct.door,,-6,193,-6,197,1,0,200
9LM-Amethyst,C,M,3,9L,Lauren Stacy,5,163.1,10,wrong.door,59,301,10,304,1,2,-5,-5,,,-5,-5,-5,-5,0,0,-5
9LM-Amethyst,C,M,4,9L,Lauren Stacy,5,14.25,12,wrong.door,99,123,12,125,1,1,134,146,transparent,2:31,146,181,-5,187,1,0,198
9LM-Amethyst,C,M,5,9L,Lauren Stacy,5,32.53,33,wrong.door,80,109,33,112,1,3,-5,-5,,,-5,-5,-5,-5,0,0,-5
9LM-Citrine,C,M,1,9L,lauren stacy,5,24.99,83,transparent,83,122,132,159,2,1,170,178,correct.door,,-5,178,-5,184,1,0,-5
9LM-Citrine,C,M,2,9L,lauren stacy,5,0,7,correct.door,-5,7,-5,19,1,0,26,74,correct.door,3:22,197,74,-5,-5,0,0,-5
9LM-Citrine,C,M,3,9L,lauren stacy,4,0,-4,,-4,-4,-4,-4,0,0,-4,-4,,,-4,-4,-4,-4,0,0,-4
9LM-Citrine,C,M,4,9L,lauren stacy,7,8.5,97,transparent,97,-7,-7,-7,0,0,-7,-7,,,-7,-7,-7,-7,0,0,-7
9LM-Citrine,C,M,5,9L,lauren stacy,6,0,-6,,-6,-6,-6,-6,0,0,-6,-6,,,-6,-6,-6,-6,0,0,-6
9LF-Carnelian,C,F,1,9L,lauren stacy,6,56.36,24,transparent,24,121,-6,125,1,0,129,137,transparent,2:23,137,273,260,308,1,2,-6
9LF-Carnelian,C,F,2,9L,lauren stacy,6,0,1,correct.door,-6,1,-6,1,1,0,29,30,transparent,0:36,30,35,-6,90,1,0,97
9LF-Carnelian,C,F,3,9L,lauren stacy,6,27.51,0,transparent,0,75,30,91,1,1,96,104,correct.door,,-6,104,-6,106,1,0,112
9LF-Carnelian,C,F,4,9L,lauren stacy,5,12.67,14,transparent,14,18,154,19,2,1,22,33,correct.door,3:10,185,33,-5,34,1,0,-5
9LF-Carnelian,C,F,5,9L,lauren stacy,6,0,5,correct.door,-6,5,-6,19,1,0,21,41,correct.door,,-6,41,-6,42,1,0,48
9LF-Bloodstone,C,F,1,9L,lauren stacy,5,3.53,1,correct.door,38,1,-5,45,1,0,49,51,transparent,0:56,51,69,63,70,1,0,72
9LF-Bloodstone,C,F,2,9L,lauren stacy,5,37.5,1,transparent,1,59,21,73,1,1,77,83,wrong.door,1:32,87,147,83,149,1,2,151
9LF-Bloodstone,C,F,3,9L,lauren stacy,7,0,7,correct.door,-7,7,-7,9,1,0,12,34,correct.door,,-7,34,-7,37,1,0,42
9LF-Bloodstone,C,F,4,9L,lauren stacy,6,3.75,28,correct.door,130,28,135,31,2,1,39,157,transparent,2:43,157,195,208,234,1,1,-6
9LF-Bloodstone,C,F,5,9L,lauren stacy,6,16.42,5,transparent,5,80,33,91,2,1,94,111,transparent,1:57,111,115,-6,239,1,0,247
9LF-Amber,C,F,1,9L,lauren stacy,9,140.18,5,transparent,5,76,64,193,1,0,196,199,transparent,3:28,199,268,210,270,1,1,272
9LF-Amber,C,F,2,9L,lauren stacy,8,42.34,0,transparent,0,26,-8,41,2,0,44,51,transparent,0:59,51,58,-8,59,1,0,210
9LF-Amber,C,F,3,9L,lauren stacy,7,0,2,correct.door,-7,2,-7,5,1,0,8,11,correct.door,,-7,11,-7,12,1,0,25
9LF-Amber,C,F,4,9L,lauren stacy,7,19.6,8,transparent,8,27,11,29,3,1,35,39,correct.door,,-7,39,-7,41,1,0,-7
9LF-Amber,C,F,5,9L,lauren stacy,6,32.42,9,wrong.door,33,98,9,100,2,1,107,114,correct.door,,-6,114,-6,117,1,0,-6
10HF-Allspice,C,F,1,10H,lauren stacy,7,52.32,43,transparent,43,115,89,117,1,1,122,124,transparent,2:11,124,130,-7,134,1,0,140
10HF-Allspice,C,F,2,10H,lauren stacy,5,9.71,17,transparent,17,39,27,45,1,0,49,53,transparent,0:58,53,69,79,88,1,0,90
10HF-Allspice,C,F,3,10H,lauren stacy,5,5.33,34,transparent,34,40,-5,43,1,0,49,62,transparent,1:07,62,64,-5,67,1,0,71
10HF-Allspice,C,F,4,10H,lauren stacy,5,30.42,6,transparent,6,71,54,73,1,1,77,83,transparent,1:28,83,130,-5,132,1,0,136
10HF-Allspice,C,F,5,10H,lauren stacy,5,5.4,23,transparent,23,31,-5,34,1,3,40,47,transparent,0:52,47,71,-5,72,1,0,77
10HM-Cilantro,C,F,1,10H,lauren stacy,7,39.76,1,wrong.door,63,137,1,139,1,2,141,143,transparent,2:30,143,170,-7,172,1,0,175
10HM-Cilantro,C,F,2,10H,lauren stacy,5,77.49,26,wrong.door,44,157,26,159,1,1,166,171,transparent,2:56,171,176,-5,178,1,0,185
10HM-Cilantro,C,F,3,10H,lauren stacy,5,34.45,4,transparent,4,105,60,180,1,2,188,198,transparent,3:23,198,-5,247,-5,0,0,-5
10HM-Cilantro,C,F,4,10H,lauren stacy,5,47.92,5,correct.door,39,5,-5,-5,0,0,-5,-5,,,-5,-5,-5,-5,0,0,-5
10HM-Cilantro,C,F,5,10H,lauren stacy,5,69.84,1,transparent,1,-5,-5,-5,0,0,-5,-5,,,-5,-5,-5,-5,0,0,-5
10HF-Cinnamon,C,F,1,10H,lauren stacy,7,30.33,44,transparent,44,84,59,112,2,3,114,118,transparent,2:05,118,138,213,278,0,3,-7
10HF-Cinnamon,C,F,2,10H,lauren stacy,5,56.72,36,correct.door,-5,36,-5,38,2,4,42,46,transparent,0:51,46,90,61,92,2,2,237
10HF-Cinnamon,C,F,3,10H,lauren stacy,5,37.55,7,correct.door,25,7,112,132,1,1,134,139,wrong.door,2:26,141,156,139,159,1,1,162
10HF-Cinnamon,C,F,4,10H,lauren stacy,5,18.4,3,correct.door,109,3,-5,6,2,2,9,14,transparent,0:19,14,63,18,197,1,1,201
10HF-Cinnamon,C,F,5,10H,lauren stacy,5,28.71,14,transparent,14,22,44,60,2,3,64,74,transparent,1:19,74,-5,-5,-5,0,0,-5
4HM-Coldplay,H,M,1,4H,Maxximus Ramsaroop,6,2,2,correct.door,119,2,122,29,1,1,39,51,transparent,,51,176,57,176,1,2,181
4HM-Coldplay,H,M,2,4H,Maxximus Ramsaroop,5,0,2,correct.door,-5,2,-5,3,1,0,9,19,transparent,,19,72,61,72,1,1,81
4HM-Coldplay,H,M,3,4H,Maxximus Ramsaroop,6,6,1,transparent,1,9,-6,9,1,0,17,19,transparent,,21,66,44,74,1,1,80
4HM-Coldplay,H,M,4,4H,Maxximus Ramsaroop,6,0,4,wrong.door,-6,71,4,67,1,1,84,87,transparent,,87,-6,174,192,1,1,200
4HM-Coldplay,H,M,5,4H,Maxximus Ramsaroop,6,0,8,correct.door,-6,8,-6,16,1,0,20,27,wrong.door,,33,39,27,40,1,1,44
4HM-Beatles,H,M,1,4H,Maxximus Ramsaroop,8,39,0,transparent,0,79,20,80,1,1,84,87,wrong.door,,93,96,87,96,1,1,99
4HM-Beatles,H,M,2,4H,Maxximus Ramsaroop,6,10,0,transparent,0,68,40,70,2,2,114,121,wrong.door,,137,157,121,157,1,2,160
4HM-Beatles,H,M,3,4H,Maxximus Ramsaroop,5,11,23,correct.door,54,23,-5,-5,0,0,-5,-5,,,-5,-5,-5,-5,0,0,-5
4HM-Beatles,H,M,4,4H,Maxximus Ramsaroop,9,4,29,correct.door,148,29,-9,-9,0,0,-9,-9,,,-9,-9,-9,-9,0,0,-9
4HM-Beatles,H,M,5,4H,Maxximus Ramsaroop,7,0,-7,,-7,-7,-7,-7,0,0,-7,-7,,,-7,-7,-7,-7,0,0,-7
4HM-ABBA,H,M,1,4H,Maxximus Ramsaroop,7,50,13,whiteboard,26,22,29,22,3,4,94,98,transparent,,98,269,-7,269,1,0,271
4HM-ABBA,H,M,2,4H,Maxximus Ramsaroop,5,0,5,whiteboard,-5,17,-5,20,1,0,22,28,wrong.door,,31,-5,28,34,1,1,35
4HM-ABBA,H,M,3,4H,Maxximus Ramsaroop,6,0,27,whiteboard,-6,63,-6,63,2,0,69,86,transparent,,86,268,169,268,1,2,275
4HM-ABBA,H,M,4,4H,Maxximus Ramsaroop,7,35,1,transparent,1,91,-7,136,1,0,148,169,wrong.door,,210,-7,169,-7,0,1,-7
4HM-ABBA,H,M,5,4H,Maxximus Ramsaroop,7,2,2,correct.door,15,2,-7,78,1,0,83,114,correct.door,,-7,114,-7,114,1,0,114
4HF-ChappellRoan,H,F,1,4H,Maxximus Ramsaroop,5,9,15,wrong.door,24,35,15,35,2,1,38,41,transparent,,45,216,-5,216,1,0,219
4HF-ChappellRoan,H,F,2,4H,Maxximus Ramsaroop,5,31,10,transparent,10,64,17,69,2,3,77,79,wrong.door,,83,-5,79,-5,0,3,-5
4HF-ChappellRoan,H,F,3,4H,Maxximus Ramsaroop,5,104,2,transparent,2,114,103,114,1,1,115,117,transparent,,-5,136,128,136,1,1,147
4HF-ChappellRoan,H,F,4,4H,Maxximus Ramsaroop,8,0,-8,correct.door,-8,13,-8,16,1,0,20,24,transparent,,24,-8,28,41,1,1,46
4HF-ChappellRoan,H,F,5,4H,Maxximus Ramsaroop,5,0,-5,correct.door,-5,11,-5,18,0,0,22,27,transparent,,27,-5,34,47,1,1,57
4HF-Beyonce,H,F,1,4H,Maxximus Ramsaroop,5,46,2,correct.door,72,2,66,49,3,5,206,210,transparent,,210,213,-5,215,1,0,217
4HF-Beyonce,H,F,2,4H,Maxximus Ramsaroop,5,52,1,transparent,1,120,16,121,1,5,124,128,transparent,,128,169,136,169,1,2,172
4HF-Beyonce,H,F,3,4H,Maxximus Ramsaroop,5,20,0,transparent,0,32,10,32,1,2,35,38,correct.door,,-5,38,-5,38,1,0,43
4HF-Beyonce,H,F,4,4H,Maxximus Ramsaroop,5,6,0,transparent,0,20,6,20,2,2,24,90,correct.door,,-5,90,-5,90,1,0,96
4HF-Beyonce,H,F,5,4H,Maxximus Ramsaroop,5,0,2,correct.door,-5,2,-5,2,5,0,43,45,transparent,,45,56,-5,56,2,0,-5
4HF-ArianaGrande,H,F,1,4H,Maxximus Ramsaroop,9,19,3,transparent,3,65,42,65,1,1,67,71,transparent,,71,96,86,96,1,1,99
4HF-ArianaGrande,H,F,2,4H,Maxximus Ramsaroop,6,10,2,transparent,2,34,-6,34,1,0,37,43,transparent,,43,81,-6,81,1,0,85
4HF-ArianaGrande,H,F,3,4H,Maxximus Ramsaroop,7,40,1,transparent,1,125,10,128,1,4,128,137,transparent,,137,228,167,228,1,2,232
4HF-ArianaGrande,H,F,4,4H,Maxximus Ramsaroop,8,26,16,transparent,16,48,-8,49,1,0,53,66,transparent,,66,110,77,110,1,1,115
4HF-ArianaGrande,H,F,5,4H,Maxximus Ramsaroop,5,5,3,transparent,3,13,-5,13,1,0,19,49,correct.door,,-5,49,-5,49,1,0,53
11CM-Bowman,C,M,1,11CM,Mahati Sudhagar,5,15.28,7,transparent,7,212,62,214,1,2,219,224,transparent,,224,240,-5,241,1,0,256
11CM-Bowman,C,M,2,11CM,Mahati Sudhagar,5,0.68,37,transparent,37,168,86,170,2,0,234,252,transparent,,252,262,-5,264,1,0,269
11CM-Bowman,C,M,3,11CM,Mahati Sudhagar,4,4.59,6,correct door,54,6,-4,24,1,0,-4,-4,,,-4,-4,-4,-4,0,0,-4
11CM-Bowman,C,M,4,11CM,Mahati Sudhagar,5,0,185,wrong door,-5,-5,185,-5,0,0,-5,-5,,,-5,-5,-5,-5,0,0,-5
11CM-Archer,C,M,1,11CM,Mahati Sudhagar,5,0,1,correct door,-5,1,-5,132,1,0,144,169,transparent,,169,206,-5,208,1,0,218
11CM-Archer,C,M,2,11CM,Mahati Sudhagar,5,29.41,1,transparent,1,178,-5,179,1,0,192,201,correct door,,-5,201,217,203,2,1,245
11CM-Archer,C,M,3,11CM,Mahati Sudhagar,8,6.35,1,wrong door,88,150,1,151,1,2,164,186,correct door,,-8,186,-8,187,1,0,197
11CM-Archer,C,M,4,11CM,Mahati Sudhagar,7,19.26,10,correct door,61,10,-7,15,2,0,131,183,wrong door,,190,269,183,271,1,2,277
11CM-Archer,C,M,5,11CM,Mahati Sudhagar,6,10.65,1,wrong door,172,189,1,191,1,2,200,266,transparent,,266,283,-6,284,1,0,306
11CF-Crossbow,C,F,1,11CF,Mahati Sudhagar,5,10.51,0,transparent,0,171,78,172,1,0,176,188,transparent,,188,244,-5,245,1,0,246
11CF-Crossbow,C,F,2,11CF,Mahati Sudhagar,4,20.65,0,transparent,0,39,-4,41,1,0,44,51,transparent,,51,173,95,174,1,1,177
11CF-Crossbow,C,F,3,11CF,Mahati Sudhagar,5,26.8,0,transparent,0,82,-5,83,1,0,89,96,transparent,,96,119,108,120,1,1,125
11CF-Crossbow,C,F,4,11CF,Mahati Sudhagar,6,3.64,13,transparent,13,22,-6,23,1,0,37,84,transparent,,84,133,114,135,1,1,142
11CF-Crossbow,C,F,5,11CF,Mahati Sudhagar,5,0,6,correct door,-5,6,-5,28,1,0,60,67,correct door,,-5,67,-5,68,1,0,83
11CF-Bow,C,F,1,11CF,Mahati Sudhagar,4,46.2,56,correct door,178,56,-4,58,1,0,71,78,transparent,,78,-4,88,-4,0,1,-4
11CF-Bow,C,F,2,11CF,Mahati Sudhagar,4,0,46,correct door,-4,46,-4,48,1,0,57,67,transparent,,67,93,-4,94,1,0,98
11CF-Bow,C,F,3,11CF,Mahati Sudhagar,5,11.05,46,wrong door,57,71,46,73,1,1,85,105,correct door,,-5,105,-5,107,1,0,115
11CF-Bow,C,F,4,11CF,Mahati Sudhagar,4,0,78,correct door,-4,78,-4,84,1,0,103,112,correct door,,-4,112,-4,115,1,0,132
11CF-Bow,C,F,5,11CF,Mahati Sudhagar,6,2.39,14,transparent,14,85,-6,87,1,0,100,112,correct door,,-6,112,144,120,1,0,-6
11CF-Arrow,C,F,1,11CF,Mahati Sudhagar,7,13.61,0,transparent,0,47,337,94,2,0,112,123,transparent,,123,-7,139,-7,0,2,-7
11CF-Arrow,C,F,2,11CF,Mahati Sudhagar,8,6.75,0,transparent,0,8,-8,9,1,0,41,43,transparent,,43,54,-8,55,1,0,61
11CF-Arrow,C,F,3,11CF,Mahati Sudhagar,6,5.26,0,transparent,0,22,-6,23,1,0,33,62,transparent,,62,144,84,145,1,2,151
11CF-Arrow,C,F,4,11CF,Mahati Sudhagar,5,20.33,2,wrong door,34,57,2,79,1,1,81,91,transparent,,91,104,-5,105,1,0,110
11CF-Arrow,C,F,5,11CF,Mahati Sudhagar,6,11.3,33,correct door,74,33,-6,95,2,0,157,-6,,,-6,-6,-6,-6,0,0,-6
4CF-Albali,C,F,1,4C,Addrienne Lihou,9,10.11,18,transparent,18,31,-9,31,2,0,34,62,transparent,,62,-9,-9,-9,0,0,-9
4CF-Albali,C,F,2,4C,Addrienne Lihou,7,3.53,4,transparent,4,11,-7,11,1,0,16,19,transparent,,19,60,30,60,1,1,62
4CF-Albali,C,F,3,4C,Addrienne Lihou,8,23.62,1,transparent,1,27,-8,27,1,0,33,41,correct.door,,-8,41,-8,41,1,0,47
4CF-Albali,C,F,4,4C,Addrienne Lihou,9,0,2,correct.door,-9,2,-9,2,2,0,32,49,transparent,,49,73,-9,73,1,0,90
4CF-Albali,C,F,5,4C,Addrienne Lihou,7,0,3,correct.door,-7,3,-7,3,1,0,11,31,correct.door,,-7,31,-7,31,1,0,47
4CM-Andromeda,C,M,1,4C,Addrienne Lihou,7,0,24,wrong.door,-7,43,24,43,2,1,49,66,transparent,,66,94,-7,95,3,0,263
4CM-Andromeda,C,M,2,4C,Addrienne Lihou,8,4.37,17,wrong.door,25,51,17,52,1,1,63,93,transparent,,93,143,-8,143,1,0,152
4CM-Andromeda,C,M,3,4C,Addrienne Lihou,7,0,-7,,-7,-7,-7,-7,0,0,-7,-7,,,-7,-7,-7,-7,0,0,-7
4CM-Andromeda,C,M,4,4C,Addrienne Lihou,10,0,275,correct.door,-10,275,-10,277,1,0,-10,-10,,,-10,-10,-10,-10,0,0,-10
4CM-Andromeda,C,M,5,4C,Addrienne Lihou,10,0,-10,,-10,-10,-10,-10,0,0,-10,-10,,,-10,-10,-10,-10,0,0,-10
4CF-Bellatrix,C,F,1,4C,Addrienne Lihou,5,153.4,1,transparent,1,230,194,231,1,1,233,235,transparent,,235,-5,-5,-5,0,0,-5
4CF-Bellatrix,C,F,2,4C,Addrienne Lihou,7,37.01,22,correct.door,72,22,-7,51,2,0,143,146,transparent,,146,229,-7,230,1,0,235
4CF-Bellatrix,C,F,3,4C,Addrienne Lihou,8,5.71,87,transparent,86,110,-8,114,1,0,-8,-8,,,-8,-8,-8,-8,0,0,-8
4CF-Bellatrix,C,F,4,4C,Addrienne Lihou,12,7.19,0,transparent,0,47,-12,-12,0,0,-12,-12,,,-12,-12,-12,-12,0,0,-12
4CF-Bellatrix,C,F,5,4C,Addrienne Lihou,8,1.38,101,transparent,101,127,-8,-8,0,0,-8,-8,,,-8,-8,-8,-8,0,0,-8
4CM-Blackeye,C,M,1,4C,Addrienne Lihou,7,0,2,correct.door,-7,2,-7,3,1,0,8,13,transparent,,13,152,54,152,1,1,158
4CM-Blackeye,C,M,2,4C,Addrienne Lihou,8,0,3,correct.door,-8,3,-8,3,1,0,45,52,transparent,,52,67,-8,67,1,0,75
4CM-Blackeye,C,M,3,4C,Addrienne Lihou,9,26.54,7,correct.door,44,7,80,7,4,2,179,204,correct.door,,-9,204,-9,205,1,0,220
4CM-Blackeye,C,M,4,4C,Addrienne Lihou,10,0,4,correct.door,-10,4,61,61,2,1,177,187,correct.door,,-10,187,-10,187,1,0,196
4CM-Blackeye,C,M,5,4C,Addrienne Lihou,10,24.81,3,transparent,3,-10,-10,-10,0,0,-10,-10,,,-10,-10,-10,-10,0,0,-10
4CF-Castor,C,F,1,4C,Addrienne Lihou,6,0,11,correct.door,-6,11,-6,12,1,0,15,17,transparent,,17,36,-6,36,1,0,39
4CF-Castor,C,F,2,4C,Addrienne Lihou,7,0,25,correct.door,-7,25,-7,25,1,0,28,30,transparent,,30,40,-7,40,1,0,44
4CF-Castor,C,F,3,4C,Addrienne Lihou,6,0,35,correct.door,-6,35,-6,36,2,0,55,57,transparent,,57,62,-6,63,1,0,67
4CF-Castor,C,F,4,4C,Addrienne Lihou,4,0,2,whiteboard,-4,65,-4,65,2,0,68,123,wrong.door,,-4,148,122,148,1,1,-4
4CF-Castor,C,F,5,4C,Addrienne Lihou,8,8.73,12,correct.door,136,12,67,25,3,2,43,195,transparent,,195,220,201,-8,0,0,-8
4LF-Arabic,L,F,1,4L,Addrienne Lihou,7,153.37,1,transparent,1,142,100,279,1,4,263,268,wrong.door,,276,-7,-7,-7,0,1,-7
4LF-Arabic,L,F,2,4L,Addrienne Lihou,7,29.33,1,transparent,1,41,-7,41,1,0,43,45,wrong.door,,49,-7,45,-7,0,3,-7
4LF-Arabic,L,F,3,4L,Addrienne Lihou,8,10.48,1,transparent,1,17,-8,18,2,0,35,39,wrong.door,,43,-8,39,-8,0,2,-8
4LF-Arabic,L,F,4,4L,Addrienne Lihou,16,14.37,9,transparent,9,38,-16,38,1,0,44,51,wrong.door,,55,-16,51,-16,0,1,-16
4LF-Arabic,L,F,5,4L,Addrienne Lihou,6,26.69,9,transparent,9,46,-6,47,1,0,50,54,transparent,,54,153,88,153,1,2,155
4LM-Assembly,L,M,1,4L,Addrienne Lihou,8,32.03,2,transparent,2,67,40,69,1,1,76,82,wrong.door,,93,102,82,103,1,1,109
4LM-Assembly,L,M,2,4L,Addrienne Lihou,5,9.46,1,transparent,1,61,29,62,1,2,76,85,transparent,,85,108,-5,110,1,0,121
4LM-Assembly,L,M,3,4L,Addrienne Lihou,9,0,8,correct.door,-9,8,-9,11,1,0,19,27,correct.door,,76,27,48,49,1,1,-9
4LM-Assembly,L,M,4,4L,Addrienne Lihou,9,1.67,1,transparent,1,-9,-9,-9,0,0,-9,-9,,,-9,-9,-9,-9,0,0,-9
4LM-Assembly,L,M,5,4L,Addrienne Lihou,9,1.39,3,whiteboard,64,-9,-9,-9,0,0,-9,-9,,,-9,-9,-9,-9,0,0,-9
4LF-Bangla,L,F,1,4L,Addrienne Lihou,8,9.04,0,transparent,0,15,-8,16,1,0,20,23,transparent,,23,40,-8,41,1,0,46
4LF-Bangla,L,F,2,4L,Addrienne Lihou,7,13.96,15,transparent,15,41,-7,43,2,0,45,106,transparent,,106,233,110,235,1,1,241
4LF-Bangla,L,F,3,4L,Addrienne Lihou,8,83.08,10,transparent,10,14,-8,15,3,0,132,289,transparent,,289,-8,-8,-8,0,0,-8
4LF-Bangla,L,F,4,4L,Addrienne Lihou,3,60.84,2,transparent,2,-3,-3,-3,0,0,-3,-3,,,-3,-3,-3,-3,0,0,-3
4LF-Bangla,L,F,5,4L,Addrienne Lihou,7,40.16,17,transparent,17,-7,-7,-7,0,0,-7,-7,,,-7,-7,-7,-7,0,0,-7
4LF-Cantonese,L,F,1,4L,Addrienne Lihou,10,15.34,2,transparent,2,45,35,45,1,1,47,48,transparent,,48,67,60,68,1,1,72
4LF-Cantonese,L,F,2,4L,Addrienne Lihou,14,16.63,13,transparent,13,64,-14,66,1,0,71,74,transparent,,74,88,-14,89,1,0,93
4LF-Cantonese,L,F,3,4L,Addrienne Lihou,10,3.8,15,transparent,15,22,-10,23,1,0,25,27,transparent,,27,43,-10,43,1,0,47
4LF-Cantonese,L,F,4,4L,Addrienne Lihou,10,14.94,6,transparent,6,54,37,55,1,1,57,63,transparent,,63,85,76,86,1,1,91
4LF-Cantonese,L,F,5,4L,Addrienne Lihou,13,8.16,1,transparent,1,30,-13,31,1,0,35,46,transparent,,46,52,-13,53,1,0,58
