fish_id,treatment,sex,trial_num,tank_id,barrier1_zone.approach,number_correct_barrier_1,number_wrong_barrier_1,barrier2_zone_approach,number_correct_barrier_2,number_wrong_barrier_2
5HF-An,H,F,1,5H,,0,0,,0,0
5HF-An,H,F,2,5H,whiteboard ,1,2,wrong.door,1,0
5HF-An,H,F,3,5H,correct.door,1,1,transparent,0,0
5HF-An,H,F,4,5H,whiteboard ,1,1,correct.door,1,0
5HF-An,H,F,5,5H,transparent,1,0,transparent,1,0
5HM-Archery,H,M,1,5H,wrong.door,1,0,correct.door,1,0
5HM-Archery,H,M,2,5H,whiteboard ,1,0,wrong.door,1,4
5HM-Archery,H,M,3,5H,transparent,1,1,transparent,1,0
5HM-Archery,H,M,4,5H,whiteboard ,2,0,transparent,1,0
5HM-Archery,H,M,5,5H,transparent,0,1,,0,0
5HF-Bilal,H,F,1,5H,correct.door,1,0,correct.door,1,0
5HF-Bilal,H,F,2,5H,correct.door,1,0,correct.door,1,0
5HF-Bilal,H,F,3,5H,correct.door,2,8,whiteboard,1,1
5HF-Bilal,H,F,4,5H,whiteboard ,2,1,correct.door,1,0
5HF-Bilal,H,F,5,5H,whiteboard ,1,0,transparent,1,0
5HM-Boxing,H,M,1,5H,correct.door,1,0,transparent,1,1
5HM-Boxing,H,M,2,5H,transparent,1,0,wrong.door,1,0
5HM-Boxing,H,M,3,5H,correct.door,1,0,transparent,1,2
5HM-Boxing,H,M,4,5H,correct.door,1,0,transparent,0,2
5HM-Boxing,H,M,5,5H,whiteboard ,1,0,whiteboard,0,1
5HF-Casey,H,F,1,5H,transparent,1,5,transparent,0,1
5HF-Casey,H,F,2,5H,transparent,1,2,transparent,1,0
5HF-Casey,H,F,3,5H,correct.door,1,0,transparent,1,1
5HF-Casey,H,F,4,5H,transparent,1,0,wrong.door,1,0
5HF-Casey,H,F,5,5H,correct.door,1,0,transparent,1,0
5HM-Canoeing,H,M,1,5H,wrong.door,1,1,transparent,1,1
5HM-Canoeing,H,M,2,5H,correct.door,1,0,transparent,1,0
5HM-Canoeing,H,M,3,5H,correct.door,1,0,wrong.door,1,1
5HM-Canoeing,H,M,4,5H,transparent,0,1,transparent,1,0
5HM-Canoeing,H,M,5,5H,transparent,2,0,wrong.door,1,1
5HM-Diving,H,M,1,5H,correct.door,1,0,correct.door,1,0
5HM-Diving,H,M,2,5H,correct.door,1,0,transparent,1,0
5HM-Diving,H,M,3,5H,transparent,1,1,whiteboard,0,0
5HM-Diving,H,M,4,5H,transparent,0,0,,0,0
5HM-Diving,H,M,5,5H,transparent,0,0,,0,0
5LF-Aigna,L,F,1,5L,transparent,1,0,transparent,1,0
5LF-Aigna,L,F,2,5L,transparent,1,5,transparent,1,1
5LF-Aigna,L,F,3,5L,transparent,1,0,transparent,1,0
5LF-Aigna,L,F,4,5L,wrong.door,0,0,,0,0
5LF-Aigna,L,F,5,5L,transparent,1,0,wrong.door,1,0
5LM-Arun,L,M,1,5L,transparent,1,1,transparent,0,0
5LM-Arun,L,M,2,5L,transparent,1,2,transparent,1,0
5LM-Arun,L,M,3,5L,whiteboard ,1,0,transparent,1,0
5LM-Arun,L,M,4,5L,transparent,1,1,transparent,1,0
5LM-Arun,L,M,5,5L,correct.door,2,1,correct.door,1,0
5CF-Ammonia,C,F,1,5C,transparent,1,1,transparent,1,0
5CF-Ammonia,C,F,2,5C,whiteboard ,1,0,whiteboard,1,1
5CF-Ammonia,C,F,3,5C,whiteboard ,1,0,transparent,2,0
5CF-Ammonia,C,F,4,5C,correct.door,1,0,transparent,1,0
5CF-Ammonia,C,F,5,5C,correct.door,1,4,whiteboard,0,1
5CM-Aluminium,C,M,1,5C,whiteboard ,2,2,whiteboard,0,0
5CM-Aluminium,C,M,2,5C,whiteboard ,1,0,wrong.door,1,0
5CM-Aluminium,C,M,3,5C,whiteboard ,1,1,transparent,1,1
5CM-Aluminium,C,M,4,5C,transparent,0,0,,0,0
5CM-Aluminium,C,M,5,5C,wrong.door,1,0,wrong.door,1,0
5CM-Boron,C,M,1,5C,correct.door,1,0,transparent,1,0
5CM-Boron,C,M,2,5C,transparent,1,1,transparent,1,0
5CM-Boron,C,M,3,5C,transparent,1,0,transparent,1,1
5CM-Boron,C,M,4,5C,correct.door,1,0,transparent,1,0
5CM-Boron,C,M,5,5C,correct.door,1,0,transparent,1,1
5LM-Braern,L,M,1,5L,whiteboard ,1,0,correct.door,1,0
5LM-Braern,L,M,2,5L,transparent,2,3,transparent,2,2
5LM-Braern,L,M,3,5L,whiteboard ,1,0,correct.door,1,0
5LM-Braern,L,M,4,5L,correct.door,1,0,wrong.door,1,1
5LM-Braern,L,M,5,5L,transparent,1,0,,0,0
5LF-Ceron,L,F,1,5L,transparent,1,0,wrong.door,1,1
5LF-Ceron,L,F,2,5L,correct.door,1,0,transparent,1,0
5LF-Ceron,L,F,3,5L,transparent,1,0,transparent,1,2
5LF-Ceron,L,F,4,5L,transparent,2,0,transparent,1,0
5LF-Ceron,L,F,5,5L,transparent,1,0,transparent,1,0
5LM-Corym,L,M,1,5L,whiteboard ,1,2,whiteboard,1,0
5LM-Corym,L,M,2,5L,whiteboard ,0,1,,0,0
5LM-Corym,L,M,3,5L,correct.door,0,0,,0,0
5LM-Corym,L,M,4,5L,,0,0,,0,0
5LM-Corym,L,M,5,5L,transparent,0,0,,0,0
3LF-Acacia,L,F,1,3L,wrong.door,3,4,transparent,0,1
3LF-Acacia,L,F,2,3L,transparent,1,0,transparent,1,2
3LF-Acacia,L,F,3,3L,correct.door,1,0,correct.door,2,0
3LF-Acacia,L,F,4,3L,wrong.door,2,3,correct.door,1,1
3LF-Acacia,L,F,5,3L,correct.door,1,0,correct.door,2,2
3LM-Aconite,L,M,1,3L,wrong.door,1,0,wrong.door,1,0
3LM-Aconite,L,M,2,3L,transparent,1,0,,0,0
3LM-Aconite,L,M,3,3L,transparent,1,0,,0,0
3LM-Aconite,L,M,4,3L,transparent,0,0,,0,0
3LM-Aconite,L,M,5,3L,correct.door,0,0,,0,0
3LF-Baobab,L,F,1,3L,correct.door,2,0,transparent,1,1
3LF-Baobab,L,F,2,3L,transparent,2,1,whiteboard,1,0
3LF-Baobab,L,F,3,3L,correct.door,2,0,whiteboard,1,0
3LF-Baobab,L,F,4,3L,correct.door,1,0,transparent,0,0
3LF-Baobab,L,F,5,3L,,0,0,,0,0
3LM-BlueBonet,L,M,1,3L,correct.door,1,0,transparent,1,0
3LM-BlueBonet,L,M,2,3L,correct.door,2,0,correct.door,1,0
3LM-BlueBonet,L,M,3,3L,transparent,2,1,correct.door,2,0
3LM-BlueBonet,L,M,4,3L,correct.door,1,0,correct.door,1,0
3LM-BlueBonet,L,M,5,3L,transparent,2,2,correct.door,2,0
3LF-Cedar,L,F,1,3L,correct.door,1,2,transparent,0,1
3LF-Cedar,L,F,2,3L,transparent,1,1,transparent,0,4
3LF-Cedar,L,F,3,3L,transparent,1,0,transparent,1,0
3LF-Cedar,L,F,4,3L,whiteboard ,1,0,transparent,1,1
3LF-Cedar,L,F,5,3L,whiteboard ,1,0,transparent,0,0
3HF-Azure,H,F,1,3H,transparent,1,0,transparent,0,0
3HF-Azure,H,F,2,3H,transparent,1,0,transparent,1,0
3HF-Azure,H,F,3,3H,correct.door,2,0,transparent,0,0
3HF-Azure,H,F,4,3H,transparent,1,0,transparent,1,0
3HF-Azure,H,M,5,3H,transparent,1,0,transparent,0,0
3HM-Auburn,H,M,1,3H,whiteboard ,1,0,correct.door,1,0
3HM-Auburn,H,M,2,3H,correct.door,2,1,transparent,1,0
3HM-Auburn,H,M,3,3H,wrong.door,0,1,,0,0
3HF-Blue,H,F,1,3H,whiteboard ,1,0,transparent,1,0
3HF-Blue,H,F,2,3H,whiteboard ,0,0,,0,0
3HF-Blue,H,F,3,3H,transparent,0,0,,0,0
3HF-Blue,H,F,4,3H,,0,0,,0,0
3HF-Blue,H,F,5,3H,transparent,0,0,,0,0
10CF-Accelerator,C,F,1,10C,transparent,1,0,transparent,1,0
10CF-Accelerator,C,F,2,10C,transparent,1,0,transparent,1,0
10CF-Accelerator,C,F,3,10C,transparent,1,0,whiteboard,1,0
10CF-Accelerator,C,F,4,10C,transparent,1,0,transparent,2,1
10CF-Accelerator,C,F,5,10C,transparent,1,1,,0,0
10CM-Acura,C,F,1,10C,transparent,1,0,transparent,1,4
10CM-Acura,C,M,2,10C,whiteboard ,0,0,,0,0
10CM-Acura,C,M,3,10C,correct.door,0,0,,0,0
10CM-Acura,C,M,4,10C,transparent,0,0,,0,0
10CM-Acura,C,M,5,10C,transparent,0,0,,0,0
10CF-Brakes,C,F,1,10C,correct.door,1,0,whiteboard,0,0
10CF-Brakes,C,F,2,10C,correct.door,2,0,transparent,0,0
10CF-Brakes,C,F,3,10C,wrong.door,0,0,,0,0
10CF-Brakes,C,F,4,10C,whiteboard ,1,0,transparent,1,1
10CM-Bentley,C,M,1,10C,transparent,0,0,,0,0
10CM-Bentley,C,M,2,10C,wrong.door,0,0,,0,0
10CM-Bentley,C,M,3,10C,transparent,0,0,,0,0
10CM-Bentley,C,M,4,10C,transparent,0,0,,0,0
10CM-Bentley,C,M,5,10C,wrong.door,0,0,,0,0
10CF-Carburetor,C,F,1,10C,transparent,0,1,,0,0
10CF-Carburetor,C,F,2,10C,wrong.door,1,1,transparent,0,0
10CF-Carburetor,C,F,3,10C,correct.door,1,0,correct.door,1,0
10CF-Carburetor,C,F,4,10C,whiteboard ,1,0,correct.door,0,0
10CF-Carburetor,C,F,5,10C,whiteboard ,0,0,,0,0
10CM-Cadillac,C,M,1,10C,transparent,1,0,wrong.door,3,0
10CM-Cadillac,C,M,2,10C,transparent,0,0,,0,0
10CM-Cadillac,C,M,3,10C,transparent,1,0,whiteboard,0,0
10CM-Cadillac,C,M,4,10C,transparent,0,0,,0,0
10CM-Cadillac,C,M,5,10C,transparent,1,0,whiteboard,0,0
7HM-Collage,H,M,1,7H,transparent,1,0,correct.door,1,0
7HM-Collage,H,M,2,7H,transparent,1,2,correct.door,1,0
7HM-Collage,H,M,3,7H,transparent,1,1,transparent,1,1
7HM-Collage,H,M,4,7H,transparent,1,0,correct.door,1,0
7HM-Collage,H,M,5,7H,transparent,1,1,transparent,1,0
3CM-Avdol,C,M,1,3C,whiteboard,1,2,transparent,1,0
3CM-Avdol,C,M,2,3C,whiteboard,2,2,correct.door,1,0
3CM-Avdol,C,M,3,3C,whiteboard,0,3,,0,0
3CM-Avdol,C,M,4,3C,correct.door,0,0,,0,0
3CM-Avdol,C,M,5,3C,whiteboard,0,0,,0,0
3CF-Connie,C,F,1,3C,whiteboard,1,1,correct.door,1,0
3CF-Connie,C,F,2,3C,wrong.door,1,1,correct.door,1,0
3CF-Connie,C,F,3,3C,transparent,1,1,correct.door,1,0
3CF-Connie,C,F,4,3C,correct.door,2,0,wrong.door,1,1
3CF-Connie,C,F,5,3C,transparent,1,1,correct.door,1,0
6CM-Armadillo,C,M,1,6C,correct.door,2,0,whiteboard,1,1
6CM-Armadillo,C,M,2,6C,wrong.door,1,3,correct.door,1,0
6CM-Armadillo,C,M,3,6C,correct.door,1,0,whiteboard,0,0
6CM-Armadillo,C,M,4,6C,correct.door,1,0,transparent,0,0
6CM-Armadillo,C,M,5,6C,correct.door,1,0,correct.door,0,0
6CF-Bulbul,C,F,2,6C,transparent,1,0,transparent,1,1
6CF-Bulbul,C,F,3,6C,correct.door,4,2,transparent,2,2
6CF-Bulbul,C,F,4,6C,correct.door,1,0,transparent,1,1
6CF-Bulbul,C,F,5,6C,transparent,4,1,whiteboard,0,0
6CF-Coot,C,F,1,6C,wrong.door,`1,1,transparent,0,0
6CF-Coot,C,F,2,6C,whiteboard,1,0,transparent,1,0
6CF-Coot,C,F,3,6C,whiteboard,3,0,transparent,0,2
6CF-Coot,C,F,4,6C,whiteboard,1,1,wrong.door,1,0
6CF-Coot,C,F,5,6C,whiteboard,2,0,correct.door,1,0
6CM-Bear,C,M,1,6C,transparent,1,0,transparent,1,0
6CM-Bear,C,M,2,6C,transparent,1,0,transparent,1,0
6CM-Bear,C,M,3,6C,transparent,2,4,transparent,1,0
6CM-Bear,C,M,4,6C,wrong.door,1,2,transparent,1,0
6CM-Bear,C,M,5,6C,transparent,1,0,,0,0
6LF-Ant,L,F,1,6L,transparent,1,0,transparent,0,1
6LF-Ant,L,F,2,6L,transparent,1,0,transparent,1,0
6LF-Ant,L,F,3,6L,transparent,1,0,transparent,1,0
6LF-Ant,L,F,4,6L,transparent,1,0,transparent,1,1
6LF-Ant,L,F,5,6L,correct.door,1,0,whiteboard,0,0
6LM-Anchovy,L,M,1,6L,whiteboard,0,2,,0,0
6LM-Anchovy,L,M,2,6L,wrong.door,2,2,correct.door,1,0
6LM-Anchovy,L,M,3,6L,wrong.door,1,3,,0,0
6LM-Anchovy,L,M,4,6L,wrong.door,0,3,,0,0
6LM-Anchovy,L,M,5,6L,wrong.door,0,0,,0,0
6LF-Bee,L,F,1,6L,transparent,1,0,transparent,2,1
6LF-Bee,L,F,2,6L,transparent,2,0,wrong.door,1,2
6LF-Bee,L,F,3,6L,transparent,1,2,correct.door,1,0
6LF-Bee,L,F,4,6L,transparent,1,5,transparent,1,0
6LF-Bee,L,F,5,6L,transparent,3,1,transparent,1,2
6LF-Cricket,L,F,1,6L,wrong.door,1,6,correct.door,1,0
6LF-Cricket,L,F,2,6L,correct.door,1,1,,0,0
6LF-Cricket,L,F,3,6L,transparent,1,1,,0,0
6LF-Cricket,L,F,4,6L,transparent,2,0,,0,0
6LF-Cricket,L,F,5,6L,transparent,0,0,,0,0
7LM-Azir,L,M,1,7L,transparent,3,4,transparent,0,2
7LM-Azir,L,M,2,7L,transparent,1,0,transparent,1,0
7LM-Azir,L,M,3,7L,transparent,1,1,correct.door,1,0
7LM-Azir,L,M,4,7L,wrong.door,1,0,transparent,0,0
7LM-Azir,L,M,5,7L,correct.door,0,0,,0,0
7LF-Briar,L,F,2,7L,transparent,1,0,wrong.door,1,1
7LF-Briar,L,F,3,7L,transparent,1,0,transparent,1,1
7LF-Briar,L,F,4,7L,wrong.door,1,0,transparent,1,1
7LF-Briar,L,F,5,7L,correct.door,1,0,,0,0
7LM-Braum,L,M,1,7L,correct.door,2,0,transparent,1,0
7LM-Braum,L,M,2,7L,whiteboard,1,1,,0,0
7LM-Braum,L,M,3,7L,wrong.door,0,1,,0,0
7LM-Braum,L,M,4,7L,,0,0,,0,0
7LM-Braum,L,M,5,7L,transparent,0,1,,0,0
6HM-Arrokuda,H,M,1,6H,transparent,3,3,transparent,0,0
6HM-Arrokuda,H,M,3,6H,correct.door,1,1,,0,0
6HM-Arrokuda,H,M,4,6H,transparent,0,0,,0,0
6HM-Arrokuda,H,M,5,6H,,0,0,,0,0
6HM-Blastoise,H,M,1,6H,correct.door,1,0,transparent,1,1
6HM-Blastoise,H,M,2,6H,transparent,1,0,transparent,1,0
6HM-Blastoise,H,M,3,6H,transparent,1,0,transparent,2,1
6HM-Blastoise,H,M,4,6H,transparent,1,0,transparent,1,1
6HM-Blastoise,H,M,5,6H,transparent,0,0,,0,0
6HM-Chewtle,H,M,1,6H,wrong.door,1,1,transparent,1,0
6HM-Chewtle,H,M,2,6H,wrong.door,1,1,transparent,1,1
6HM-Chewtle,H,M,3,6H,wrong.door,1,3,transparent,1,0
6HM-Chewtle,H,M,4,6H,wrong.door,1,4,correct.door,1,0
6HM-Chewtle,H,M,5,6H,transparent,1,0,transparent,0,0
6HM-Dewgong,H,M,1,6H,whiteboard,1,1,wrong.door,0,1
6HM-Dewgong,H,M,2,6H,correct.door,1,0,transparent,1,0
6HM-Dewgong,H,M,3,6H,correct.door,0,0,,0,0
6HM-Dewgong,H,M,4,6H,correct.door,1,1,transparent,1,1
6HM-Dewgong,H,M,5,6H,correct.door,1,0,wrong.door,0,0
6HF-Arboliva,H,F,1,6H,transparent,1,1,transparent,0,0
6HF-Arboliva,H,F,2,6H,transparent,1,0,transparent,1,1
6HF-Arboliva,H,F,3,6H,transparent,1,1,wrong.door,1,1
6HF-Arboliva,H,F,4,6H,transparent,1,0,transparent,0,0
6HF-Arboliva,H,F,5,6H,transparent,1,0,correct.door,1,0
6HF-Bellsprout,H,F,1,6H,transparent,4,1,transparent,1,3
6HF-Bellsprout,H,F,2,6H,wrong.door,1,2,transparent,0,0
6HF-Bellsprout,H,F,3,6H,wrong.door,2,1,transparent,2,1
6HF-Bellsprout,H,F,4,6H,wrong.door,1,1,transparent,1,0
6HF-Bellsprout,H,F,5,6H,transparent,1,0,correct.door,1,0
6HF-Chikorita,H,F,1,6H,transparent,1,0,correct.door,1,0
6HF-Chikorita,H,F,2,6H,transparent,1,1,correct.door,1,0
6HF-Chikorita,H,F,3,6H,wrong.door,2,1,transparent,1,1
6HF-Chikorita,H,F,4,6H,transparent,1,0,wrong.door,1,1
6HF-Chikorita,H,F,5,6H,wrong.door,3,3,correct.door,1,0
7LF-Akali,L,F,1,7L,transparent,1,0,correct.door,1,0
7LF-Akali,L,F,2,7L,whiteboard,1,0,correct.door,1,0
7LF-Akali,L,F,3,7L,transparent,2,0,transparent,1,0
7LF-Akali,L,F,4,7L,transparent,1,0,transparent,1,0
7LF-Akali,L,F,5,7L,transparent,5,0,transparent,1,3
7CM-Aarakocra,C,M,1,7C,correct.door,1,0,transparent,1,0
7CM-Aarakocra,C,M,2,7C,whiteboard,1,0,transparent,0,0
7CM-Aarakocra,C,M,3,7C,transparent,1,0,correct.door,1,0
7CM-Aarakocra,C,M,4,7C,correct.door,0,0,,0,0
7CM-Aarakocra,C,M,5,7C,correct.door,1,0,transparent,0,0
7CF-Carceri,C,F,1,7C,whiteboard,1,0,transparent,0,0
7CF-Carceri,C,F,2,7C,transparent,1,1,transparent,1,1
7CF-Carceri,C,F,3,7C,whiteboard,1,0,transparent,1,0
7CF-Carceri,C,F,4,7C,transparent,1,0,transparent,1,0
7CF-Carceri,C,F,5,7C,transparent,1,0,transparent,0,1
7HF-Chromatic,H,F,1,7H,wrong.door,1,1,transparent,1,0
7HF-Chromatic,H,F,2,7H,correct.door,1,0,wrong.door,1,2
7HF-Chromatic,H,F,3,7H,transparent,1,0,whiteboard,1,1
7HF-Chromatic,H,F,4,7H,transparent,2,0,wrong.door,1,1
7HF-Chromatic,H,F,5,7H,transparent,1,2,wrong.door,1,1
7HM-Baroque,H,M,1,7H,correct.door,2,0,transparent,1,0
7HM-Baroque,H,M,2,7H,correct.door,1,0,transparent,2,1
7HM-Baroque,H,M,3,7H,transparent,1,2,transparent,1,0
7HM-Baroque,H,M,4,7H,transparent,1,0,transparent,1,2
7HM-Baroque,H,M,5,7H,transparent,0,2,,0,0
7HM-Acrylic,H,M,1,7H,transparent,1,1,transparent,0,0
7HM-Acrylic,H,M,2,7H,transparent,1,1,transparent,1,0
7HM-Acrylic,H,M,3,7H,transparent,1,2,transparent,0,0
7HM-Acrylic,H,M,4,7H,transparent,1,2,wrong.door,1,0
7HM-Acrylic,H,M,5,7H,wrong.door,1,0,transparent,1,0
7HF-Bitmap,H,F,1,7H,wrong.door,2,1,transparent,0,2
7HF-Bitmap,H,F,2,7H,transparent,1,0,transparent,1,2
7HF-Bitmap,H,F,3,7H,wrong.door,1,1,correct.door,1,0
7HF-Bitmap,H,F,4,7H,transparent,1,0,correct.door,1,0
7HF-Bitmap,H,F,5,7H,wrong.door,1,1,transparent,1,1
7HF-Aperture,H,F,1,7H,transparent,1,3,transparent,1,0
7HF-Aperture,H,F,2,7H,wrong.door,1,6,transparent,1,1
7HF-Aperture,H,F,3,7H,correct.door,1,0,transparent,1,1
7HF-Aperture,H,F,4,7H,transparent,1,1,transparent,1,0
7HF-Aperture,H,F,5,7H,transparent,1,0,wrong.door,1,1
10LF-Anakin,L,F,1,10L,transparent,1,0,wrong.door,1,1
10LF-Anakin,L,F,2,10L,transparent,3,1,whiteboard,0,1
10LF-Anakin,L,F,3,10L,transparent,1,2,transparent,0,1
10LF-Anakin,L,F,4,10L,transparent,3,2,wrong.door,1,1
10LF-Anakin,L,F,5,10L,correct.door,2,1,transparent,0,1
10LF-BobaFett,L,F,1,10L,transparent,1,0,correct.door,1,0
10LF-BobaFett,L,F,2,10L,transparent,1,2,correct.door,1,0
10LF-BobaFett,L,F,3,10L,wrong.door,1,2,wrong.door,1,1
10LF-BobaFett,L,F,4,10L,correct.door,1,0,correct.door,1,0
10LF-BobaFett,L,F,5,10L,transparent,2,1,transparent,2,1
10LM-C3PO,L,M,1,10L,wrong.door,0,5,,0,0
10LM-C3PO,L,M,2,10L,wrong.door,1,3,correct.door,1,0
10LM-C3PO,L,M,3,10L,transparent,1,1,wrong.door,1,1
10LM-C3PO,L,M,4,10L,wrong.door,1,3,wrong.door,0,1
10LM-C3PO,L,M,5,10L,wrong.door,0,1,,0,0
10HF-BlackPepper,H,F,1,10H,transparent,2,0,transparent,1,0
10HF-BlackPepper,H,F,2,10H,correct.door,1,0,transparent,1,0
10HF-BlackPepper,H,F,3,10H,transparent,1,2,transparent,1,1
10HF-BlackPepper,H,F,4,10H,transparent,1,1,correct.door,1,0
10HF-BlackPepper,H,F,5,10H,transparent,1,0,transparent,1,0
10HF-Allspice,H,F,1,10H,whiteboard,1,1,transparent,1,0
10HF-Allspice,H,F,2,10H,transparent,1,0,transparent,1,0
10HF-Allspice,H,F,3,10H,whiteboard,1,0,correct.door,1,0
10HF-Allspice,H,F,4,10H,transparent,1,1,transparent,1,0
10HF-Allspice,H,F,5,10H,transparent,1,0,transparent,1,0
13HM-Cerise,H,M,1,13H,transparent,1,0,transparent,0,2
13HM-Cerise,H,M,2,13H,transparent,1,0,transparent,1,0
13HM-Cerise,H,M,3,13H,transparent,1,0,correct.door,1,0
13HM-Cerise,H,M,4,13H,transparent,1,0,correct.door,1,0
13HM-Cerise,H,M,5,13H,transparent,1,0,transparent,1,0
13HM-Blush,H,M,1,13H,transparent,1,0,wrong.door,1,1
13HM-Blush,H,M,2,13H,transparent,1,0,transparent,1,1
13HM-Blush,H,M,3,13H,transparent,0,0,,0,0
13HM-Blush,H,M,4,13H,,0,0,,0,0
13HM-Blush,H,M,5,13H,transparent,0,0,,0,0
13HM-Amaranth,H,M,1,13H,transparent,2,1,transparent,1,1
13HM-Amaranth,H,M,2,13H,transparent,1,0,wrong.door,1,2
13HM-Amaranth,H,M,3,13H,correct.door,1,0,transparent,2,3
13HM-Amaranth,H,M,4,13H,correct.door,1,0,transparent,1,0
13HM-Amaranth,H,M,5,13H,transparent,1,0,transparent,1,1
12HM-Chronus,H,M,1,12H,transparent,1,1,correct.door,0,0
12HM-Chronus,H,M,2,12H,correct.door,2,2,transparent,0,0
12HM-Chronus,H,M,3,12H,correct.door,2,0,transparent,1,0
12HM-Chronus,H,M,4,12H,transparent,1,0,transparent,1,1
12HM-Chronus,H,M,5,12H,transparent,0,1,,0,0
12HM-Bacchus,H,M,1,12H,transparent,0,1,,0,0
12HM-Bacchus,H,M,2,12H,transparent,1,0,transparent,1,1
12HM-Bacchus,H,M,3,12H,transparent,1,0,transparent,1,0
12HM-Bacchus,H,M,4,12H,correct.door,2,0,transparent,0,0
12HM-Bacchus,H,M,5,12H,transparent,1,0,correct.door,1,0
12HM-Ares,H,M,1,12H,transparent,0,0,,0,0
12HM-Ares,H,M,2,12H,transparent,0,0,,0,0
12HM-Ares,H,M,3,12H,,0,0,,0,0
12HM-Ares,H,M,4,12H,,0,0,,0,0
12HM-Ares,H,M,5,12H,,0,0,,0,0
12CF-CAD,C,F,1,12C,transparent,1,1,transparent,1,0
12CF-CAD,C,F,2,12C,correct.door,1,0,transparent,1,1
12CF-CAD,C,F,3,12C,transparent,1,0,transparent,1,1
12CF-CAD,C,F,4,12C,transparent,2,0,transparent,1,0
12CF-CAD,C,F,5,12C,transparent,1,0,correct.door,1,0
12CM-Belt,C,M,1,12C,transparent,3,1,transparent,2,0
12CM-Belt,C,M,2,12C,correct.door,1,0,correct.door,2,0
12CM-Belt,C,M,3,12C,transparent,1,0,correct.door,1,0
12CM-Belt,C,M,4,12C,transparent,0,0,,0,0
12CM-Belt,C,M,5,12C,transparent,0,0,,0,0
12CF-Blender,C,F,1,12C,transparent,0,0,,0,0
12CF-Blender,C,F,2,12C,transparent,0,0,,0,0
12CF-Blender,C,F,3,12C,transparent,0,0,,0,0
12CF-Blender,C,F,4,12C,transparent,0,0,,0,0
12CF-Blender,C,F,5,12C,wrong.door,0,0,,0,0
12CM-Axis,C,M,1,12C,wrong.door,1,1,wrong.door,1,0
12CM-Axis,C,M,2,12C,correct.door,1,0,transparent,1,0
12CM-Axis,C,M,3,12C,transparent,1,0,correct.door,1,0
12CM-Axis,C,M,4,12C,transparent,1,0,transparent,1,0
12CM-Axis,C,M,5,12C,wrong.door,2,1,correct.door,1,1
12CF-Autodesk,C,F,1,12C,correct.door,1,0,wrong.door,1,1
12CF-Autodesk,C,F,2,12C,correct.door,1,0,transparent,1,2
12CF-Autodesk,C,F,3,12C,correct.door,1,0,wrong.door,1,1
12CF-Autodesk,C,F,4,12C,transparent,1,0,wrong.door,1,0
12CF-Autodesk,C,F,5,12C,,0,0,,0,0
11HM-Basilisk,H,M,1,11H,transparent,1,0,correct.door,1,0
11HM-Basilisk,H,M,2,11H,transparent,0,0,,0,0
11HM-Basilisk,H,M,3,11H,correct.door,1,0,,0,0
11HM-Basilisk,H,M,4,11H,,0,0,,0,0
11HM-Basilisk,H,M,5,11H,transparent,0,0,,0,0
11HM-Chameleon,H,M,1,11H,correct.door,1,1,wrong.door,1,1
11HM-Chameleon,H,M,2,11H,transparent,1,0,correct.door,0,1
11HM-Chameleon,H,M,3,11H,correct.door,1,0,wrong.door,0,1
11HM-Chameleon,H,M,4,11H,transparent,0,3,,0,0
11HM-Chameleon,H,M,5,11H,transparent,1,3,,0,0
11HM-Anole,H,M,1,11H,,0,0,,0,0
11HM-Anole,H,M,2,11H,,0,0,,0,0
11HM-Anole,H,M,3,11H,,0,0,,0,0
11HM-Anole,H,M,4,11H,,0,0,,0,0
11HM-Anole,H,M,5,11H,,0,0,,0,0
11LM-Burnt,L,M,1,11L,transparent,2,0,transparent,2,0
11LM-Burnt,L,M,2,11L,correct.door,1,0,wrong.door,1,0
11LM-Burnt,L,M,3,11L,correct.door,1,0,wrong.door,1,2
11LM-Burnt,L,M,4,11L,correct.door,1,0,transparent,1,0
11LM-Burnt,L,M,5,11L,wrong.door,1,2,transparent,1,0
11LM-Coral,L,M,1,11L,transparent,1,1,transparent,1,0
11LM-Coral,L,M,2,11L,transparent,1,2,transparent,0,0
11LM-Coral,L,M,3,11L,transparent,0,0,,0,0
11LM-Coral,L,M,4,11L,,0,0,,0,0
11LM-Coral,L,M,5,11L,transparent,0,1,,0,0
11LM-Apricot,L,M,1,11L,transparent,1,0,transparent,1,0
11LM-Apricot,L,M,2,11L,transparent,3,0,transparent,1,3
11LM-Apricot,L,M,3,11L,correct.door,1,0,transparent,1,1
11LM-Apricot,L,M,4,11L,correct.door,1,0,wrong.door,1,0
11LM-Apricot,L,M,5,11L,transparent,3,1,transparent,0,2
11CF-Arrow,C,F,1,11C,transparent,1,0,transparent,0,2
11CF-Arrow,C,F,2,11C,transparent,1,0,transparent,1,0
11CF-Arrow,C,F,3,11C,transparent,1,0,transparent,1,1
11CF-Arrow,C,F,4,11C,transparent,1,1,transparent,1,0
11CF-Arrow,C,F,5,11C,correct.door,2,0,,0,0
11CF-Bow,C,F,1,11C,correct.door,1,0,transparent,0,0
11CF-Bow,C,F,2,11C,correct.door,1,0,transparent,1,0
11CF-Bow,C,F,3,11C,wrong.door,1,1,correct.door,1,0
11CF-Bow,C,F,4,11C,correct.door,1,0,correct.door,1,0
11CF-Bow,C,F,5,11C,transparent,1,0,correct.door,1,1
7HM-Collage,C,M,1,7H,transparent,1,0,correct.door,1,0
7HM-Collage,C,M,2,7H,transparent,1,2,correct.door,1,0
7HM-Collage,C,M,3,7H,correct.door,1,1,transparent,1,1
7HM-Collage,C,M,4,7H,transparent,1,0,correct.door,1,0
7HM-Collage,C,M,5,7H,transparent,1,1,transparent,1,0
8CM-Abra,C,M,1,8C,transparent,1,2,transparent,1,0
8CM-Abra,C,M,2,8C,transparent,1,2,transparent,1,0
8CM-Abra,C,M,3,8C,wrong.door,1,1,wrong.door,1,0
8CM-Abra,C,M,4,8C,correct.door,1,0,wrong.door,1,1
8CM-Abra,C,M,5,8C,transparent,2,1,correct.door,0,1
8CF-Charmander,C,F,1,8C,wrong.door,1,1,transparent,0,1
8CF-Charmander,C,F,2,8C,transparent,2,2,transparent,0,2
8CF-Charmander,C,F,3,8C,transparent,1,1,wrong.door,1,1
8CF-Charmander,C,F,4,8C,transparent,1,0,transparent,3,0
8CF-Charmander,C,F,5,8C,transparent,1,1,wrong.door,2,0
8CF-Braixen,C,F,1,8C,transparent,1,2,transparent,1,0
8CF-Braixen,C,F,2,8C,transparent,1,5,transparent,1,0
8CF-Braixen,C,F,3,8C,transparent,1,0,wrong.door,2,0
8CF-Braixen,C,F,4,8C,transparent,1,0,wrong.door,1,0
8CF-Braixen,C,F,5,8C,transparent,1,0,correct.door,1,0
8CF-Arcanine,C,F,1,8C,transparent,1,1,transparent,0,0
8CF-Arcanine,C,F,2,8C,transparent,1,1,correct.door,1,0
8CF-Arcanine,C,F,3,8C,transparent,4,2,transparent,0,0
8CF-Arcanine,C,F,4,8C,transparent,1,0,transparent,1,1
8CF-Arcanine,C,F,5,8C,transparent,1,0,transparent,1,0
8LM-Colin,C,M,1,8L,correct.door,1,0,transparent,1,1
8LM-Colin,C,M,2,8L,wrong.door,1,2,transparent,1,1
8LM-Colin,C,M,3,8L,transparent,1,7,,0,0
8LM-Colin,C,M,4,8L,correct.door,1,0,transparent,1,0
8LM-Colin,C,M,5,8L,wrong.door,0,0,,0,0
8LM-Benedict,C,M,1,8L,transparent,1,0,correct.door,0,0
8LM-Benedict,C,M,2,8L,transparent,1,0,wrong.door,2,1
8LM-Benedict,C,M,3,8L,transparent,0,2,,0,0
8LM-Benedict,C,M,4,8L,wrong.door,0,1,,0,0
8LM-Benedict,C,M,5,8L,transparent,1,0,transparent,1,0
8LM-Anthony,C,M,1,8L,correct.door,2,1,transparent,1,1
8LM-Anthony,C,M,2,8L,correct.door,1,0,transparent,1,1
8LM-Anthony,C,M,3,8L,transparent,1,3,transparent,1,0
8LM-Anthony,C,M,4,8L,transparent,1,1,transparent,1,0
8LM-Anthony,C,M,5,8L,transparent,1,0,transparent,1,0
8LF-Charlotte,C,F,1,8L,correct.door,2,1,transparent,0,0
8LF-Charlotte,C,F,2,8L,transparent,2,2,transparent,1,0
8LF-Charlotte,C,F,3,8L,wrong.door,2,1,transparent,1,1
8LF-Charlotte,C,F,4,8L,correct.door,1,0,transparent,1,1
8LF-Charlotte,C,F,5,8L,transparent,1,0,transparent,1,0
8LF-Agatha,C,F,1,8L,wrong.door,2,1,transparent,1,0
8LF-Agatha,C,F,2,8L,correct.door,1,1,transparent,1,0
8LF-Agatha,C,F,3,8L,correct.door,1,0,transparent,1,0
8LF-Agatha,C,F,4,8L,transparent,1,0,correct.door,1,0
8LF-Agatha,C,F,5,8L,transparent,1,0,correct.door,0,0
8LF-Brimsley,C,F,1,8L,correct.door,2,5,transparent,0,2
8LF-Brimsley,C,F,2,8L,transparent,1,6,transparent,1,0
8LF-Brimsley,C,F,3,8L,wrong.door,2,3,transparent,1,2
8LF-Brimsley,C,F,4,8L,wrong.door,2,0,correct.door,1,0
8LF-Brimsley,C,F,5,8L,transparent,1,1,correct.door,1,0
9CM-Chester,C,M,1,9C,transparent,1,3,transparent,1,0
9CM-Chester,C,M,2,9C,correct.door,1,1,transparent,1,0
9CM-Chester,C,M,3,9C,transparent,1,2,transparent,1,0
9CM-Chester,C,M,4,9C,transparent,1,1,transparent,0,0
9CM-Chester,C,M,5,9C,transparent,1,1,transparent,0,1
9CF-Abigail,C,F,1,9C,correct.door,2,2,transparent,1,2
9CF-Abigail,C,F,2,9C,wrong.door,1,2,transparent,1,0
9CF-Abigail,C,F,3,9C,transparent,1,0,transparent,1,0
9CF-Abigail,C,F,4,9C,transparent,1,0,transparent,0,3
9CF-Abigail,C,F,5,9C,transparent,1,1,transparent,1,1
9CM-Donald,C,M,1,9C,transparent,1,1,transparent,0,0
9CM-Donald,C,M,2,9C,transparent,1,0,wrong.door,0,0
9CM-Donald,C,M,3,9C,,0,0,,0,0
9CM-Donald,C,M,4,9C,,0,0,,0,0
9CM-Donald,C,M,5,9C,,0,0,,0,0
9CM-Bill,C,M,1,9C,correct.door,1,1,transparent,1,0
9CM-Bill,C,M,2,9C,correct.door,2,0,transparent,1,1
9CM-Bill,C,M,3,9C,correct.door,1,0,transparent,1,0
9CM-Bill,C,M,4,9C,transparent,1,0,correct.door,0,0
9CM-Bill,C,M,5,9C,transparent,0,1,,0,0
9CF-Claudia,C,F,1,9C,transparent,1,0,transparent,1,0
9CF-Claudia,C,F,2,9C,correct.door,1,0,transparent,1,1
9CF-Claudia,C,F,3,9C,wrong.door,1,1,transparent,1,1
9CF-Claudia,C,F,4,9C,transparent,1,1,transparent,1,2
9CF-Claudia,C,F,5,9C,wrong.door,1,3,transparent,1,1
9CM-Andrew,C,M,1,9C,wrong.door,0,2,,0,0
9CM-Andrew,C,M,2,9C,wrong.door,1,2,transparent,1,0
9CM-Andrew,C,M,3,9C,transparent,1,0,transparent,1,0
9CM-Andrew,C,M,4,9C,correct.door,1,0,correct.door,1,0
9CM-Andrew,C,M,5,9C,correct.door,2,1,wrong.door,1,1
9CF-Barbara,C,F,1,9C,transparent,1,0,transparent,1,0
9CF-Barbara,C,F,2,9C,wrong.door,1,0,transparent,0,0
9CF-Barbara,C,F,3,9C,wrong.door,1,0,transparent,0,0
9CF-Barbara,C,F,4,9C,transparent,0,0,,0,0
9CF-Barbara,C,F,5,9C,correct.door,0,0,,0,0
9LM-Barite,C,M,1,9L,transparent,0,0,,0,0
9LM-Barite,C,M,2,9L,correct.door,1,1,wrong.door,1,1
9LM-Barite,C,M,3,9L,transparent,0,0,,0,0
9LM-Barite,C,M,4,9L,correct.door,1,1,,0,0
9LM-Barite,C,M,5,9L,correct.door,2,0,transparent,0,0
9LM-Amethyst,C,M,1,9L,transparent,2,1,transparent,1,2
9LM-Amethyst,C,M,2,9L,transparent,1,1,correct.door,1,0
9LM-Amethyst,C,M,3,9L,wrong.door,1,2,,0,0
9LM-Amethyst,C,M,4,9L,wrong.door,1,1,transparent,1,0
9LM-Amethyst,C,M,5,9L,wrong.door,1,3,,0,0
9LM-Citrine,C,M,1,9L,transparent,2,1,correct.door,1,0
9LM-Citrine,C,M,2,9L,correct.door,1,0,correct.door,0,0
9LM-Citrine,C,M,3,9L,,0,0,,0,0
9LM-Citrine,C,M,4,9L,transparent,0,0,,0,0
9LM-Citrine,C,M,5,9L,,0,0,,0,0
9LF-Carnelian,C,F,1,9L,transparent,1,0,transparent,1,2
9LF-Carnelian,C,F,2,9L,correct.door,1,0,transparent,1,0
9LF-Carnelian,C,F,3,9L,transparent,1,1,correct.door,1,0
9LF-Carnelian,C,F,4,9L,transparent,2,1,correct.door,1,0
9LF-Carnelian,C,F,5,9L,correct.door,1,0,correct.door,1,0
9LF-Bloodstone,C,F,1,9L,correct.door,1,0,transparent,1,0
9LF-Bloodstone,C,F,2,9L,transparent,1,1,wrong.door,1,2
9LF-Bloodstone,C,F,3,9L,correct.door,1,0,correct.door,1,0
9LF-Bloodstone,C,F,4,9L,correct.door,2,1,transparent,1,1
9LF-Bloodstone,C,F,5,9L,transparent,2,1,transparent,1,0
9LF-Amber,C,F,1,9L,transparent,1,0,transparent,1,1
9LF-Amber,C,F,2,9L,transparent,2,0,transparent,1,0
9LF-Amber,C,F,3,9L,correct.door,1,0,correct.door,1,0
9LF-Amber,C,F,4,9L,transparent,3,1,correct.door,1,0
9LF-Amber,C,F,5,9L,wrong.door,2,1,correct.door,1,0
10HF-Allspice,C,F,1,10H,transparent,1,1,transparent,1,0
10HF-Allspice,C,F,2,10H,transparent,1,0,transparent,1,0
10HF-Allspice,C,F,3,10H,transparent,1,0,transparent,1,0
10HF-Allspice,C,F,4,10H,transparent,1,1,transparent,1,0
10HF-Allspice,C,F,5,10H,transparent,1,3,transparent,1,0
10HM-Cilantro,C,F,1,10H,wrong.door,1,2,transparent,1,0
10HM-Cilantro,C,F,2,10H,wrong.door,1,1,transparent,1,0
10HM-Cilantro,C,F,3,10H,transparent,1,2,transparent,0,0
10HM-Cilantro,C,F,4,10H,correct.door,0,0,,0,0
10HM-Cilantro,C,F,5,10H,transparent,0,0,,0,0
10HF-Cinnamon,C,F,1,10H,transparent,2,3,transparent,0,3
10HF-Cinnamon,C,F,2,10H,correct.door,2,4,transparent,2,2
10HF-Cinnamon,C,F,3,10H,correct.door,1,1,wrong.door,1,1
10HF-Cinnamon,C,F,4,10H,correct.door,2,2,transparent,1,1
10HF-Cinnamon,C,F,5,10H,transparent,2,3,transparent,0,0
4HM-Coldplay,H,M,1,4H,correct.door,1,1,transparent,1,2
4HM-Coldplay,H,M,2,4H,correct.door,1,0,transparent,1,1
4HM-Coldplay,H,M,3,4H,transparent,1,0,transparent,1,1
4HM-Coldplay,H,M,4,4H,wrong.door,1,1,transparent,1,1
4HM-Coldplay,H,M,5,4H,correct.door,1,0,wrong.door,1,1
4HM-Beatles,H,M,1,4H,transparent,1,1,wrong.door,1,1
4HM-Beatles,H,M,2,4H,transparent,2,2,wrong.door,1,2
4HM-Beatles,H,M,3,4H,correct.door,0,0,,0,0
4HM-Beatles,H,M,4,4H,correct.door,0,0,,0,0
4HM-Beatles,H,M,5,4H,,0,0,,0,0
4HM-ABBA,H,M,1,4H,whiteboard,3,4,transparent,1,0
4HM-ABBA,H,M,2,4H,whiteboard,1,0,wrong.door,1,1
4HM-ABBA,H,M,3,4H,whiteboard,2,0,transparent,1,2
4HM-ABBA,H,M,4,4H,transparent,1,0,wrong.door,0,1
4HM-ABBA,H,M,5,4H,correct.door,1,0,correct.door,1,0
4HF-ChappellRoan,H,F,1,4H,wrong.door,2,1,transparent,1,0
4HF-ChappellRoan,H,F,2,4H,transparent,2,3,wrong.door,0,3
4HF-ChappellRoan,H,F,3,4H,transparent,1,1,transparent,1,1
4HF-ChappellRoan,H,F,4,4H,correct.door,1,0,transparent,1,1
4HF-ChappellRoan,H,F,5,4H,correct.door,0,0,transparent,1,1
4HF-Beyonce,H,F,1,4H,correct.door,3,5,transparent,1,0
4HF-Beyonce,H,F,2,4H,transparent,1,5,transparent,1,2
4HF-Beyonce,H,F,3,4H,transparent,1,2,correct.door,1,0
4HF-Beyonce,H,F,4,4H,transparent,2,2,correct.door,1,0
4HF-Beyonce,H,F,5,4H,correct.door,5,0,transparent,2,0
4HF-ArianaGrande,H,F,1,4H,transparent,1,1,transparent,1,1
4HF-ArianaGrande,H,F,2,4H,transparent,1,0,transparent,1,0
4HF-ArianaGrande,H,F,3,4H,transparent,1,4,transparent,1,2
4HF-ArianaGrande,H,F,4,4H,transparent,1,0,transparent,1,1
4HF-ArianaGrande,H,F,5,4H,transparent,1,0,correct.door,1,0
11CM-Bowman,C,M,1,11CM,transparent,1,2,transparent,1,0
11CM-Bowman,C,M,2,11CM,transparent,2,0,transparent,1,0
11CM-Bowman,C,M,3,11CM,correct door,1,0,,0,0
11CM-Bowman,C,M,4,11CM,wrong door,0,0,,0,0
11CM-Archer,C,M,1,11CM,correct door,1,0,transparent,1,0
11CM-Archer,C,M,2,11CM,transparent,1,0,correct door,2,1
11CM-Archer,C,M,3,11CM,wrong door,1,2,correct door,1,0
11CM-Archer,C,M,4,11CM,correct door,2,0,wrong door,1,2
11CM-Archer,C,M,5,11CM,wrong door,1,2,transparent,1,0
11CF-Crossbow,C,F,1,11CF,transparent,1,0,transparent,1,0
11CF-Crossbow,C,F,2,11CF,transparent,1,0,transparent,1,1
11CF-Crossbow,C,F,3,11CF,transparent,1,0,transparent,1,1
11CF-Crossbow,C,F,4,11CF,transparent,1,0,transparent,1,1
11CF-Crossbow,C,F,5,11CF,correct door,1,0,correct door,1,0
11CF-Bow,C,F,1,11CF,correct door,1,0,transparent,0,1
11CF-Bow,C,F,2,11CF,correct door,1,0,transparent,1,0
11CF-Bow,C,F,3,11CF,wrong door,1,1,correct door,1,0
11CF-Bow,C,F,4,11CF,correct door,1,0,correct door,1,0
11CF-Bow,C,F,5,11CF,transparent,1,0,correct door,1,0
11CF-Arrow,C,F,1,11CF,transparent,2,0,transparent,0,2
11CF-Arrow,C,F,2,11CF,transparent,1,0,transparent,1,0
11CF-Arrow,C,F,3,11CF,transparent,1,0,transparent,1,2
11CF-Arrow,C,F,4,11CF,wrong door,1,1,transparent,1,0
11CF-Arrow,C,F,5,11CF,correct door,2,0,,0,0
4CF-Albali,C,F,1,4C,transparent,2,0,transparent,0,0
4CF-Albali,C,F,2,4C,transparent,1,0,transparent,1,1
4CF-Albali,C,F,3,4C,transparent,1,0,correct.door,1,0
4CF-Albali,C,F,4,4C,correct.door,2,0,transparent,1,0
4CF-Albali,C,F,5,4C,correct.door,1,0,correct.door,1,0
4CM-Andromeda,C,M,1,4C,wrong.door,2,1,transparent,3,0
4CM-Andromeda,C,M,2,4C,wrong.door,1,1,transparent,1,0
4CM-Andromeda,C,M,3,4C,,0,0,,0,0
4CM-Andromeda,C,M,4,4C,correct.door,1,0,,0,0
4CM-Andromeda,C,M,5,4C,,0,0,,0,0
4CF-Bellatrix,C,F,1,4C,transparent,1,1,transparent,0,0
4CF-Bellatrix,C,F,2,4C,correct.door,2,0,transparent,1,0
4CF-Bellatrix,C,F,3,4C,transparent,1,0,,0,0
4CF-Bellatrix,C,F,4,4C,transparent,0,0,,0,0
4CF-Bellatrix,C,F,5,4C,transparent,0,0,,0,0
4CM-Blackeye,C,M,1,4C,correct.door,1,0,transparent,1,1
4CM-Blackeye,C,M,2,4C,correct.door,1,0,transparent,1,0
4CM-Blackeye,C,M,3,4C,correct.door,4,2,correct.door,1,0
4CM-Blackeye,C,M,4,4C,correct.door,2,1,correct.door,1,0
4CM-Blackeye,C,M,5,4C,transparent,0,0,,0,0
4CF-Castor,C,F,1,4C,correct.door,1,0,transparent,1,0
4CF-Castor,C,F,2,4C,correct.door,1,0,transparent,1,0
4CF-Castor,C,F,3,4C,correct.door,2,0,transparent,1,0
4CF-Castor,C,F,4,4C,whiteboard,2,0,wrong.door,1,1
4CF-Castor,C,F,5,4C,correct.door,3,2,transparent,0,0
4LF-Arabic,L,F,1,4L,transparent,1,4,wrong.door,0,1
4LF-Arabic,L,F,2,4L,transparent,1,0,wrong.door,0,3
4LF-Arabic,L,F,3,4L,transparent,2,0,wrong.door,0,2
4LF-Arabic,L,F,4,4L,transparent,1,0,wrong.door,0,1
4LF-Arabic,L,F,5,4L,transparent,1,0,transparent,1,2
4LM-Assembly,L,M,1,4L,transparent,1,1,wrong.door,1,1
4LM-Assembly,L,M,2,4L,transparent,1,2,transparent,1,0
4LM-Assembly,L,M,3,4L,correct.door,1,0,correct.door,1,1
4LM-Assembly,L,M,4,4L,transparent,0,0,,0,0
4LM-Assembly,L,M,5,4L,whiteboard,0,0,,0,0
4LF-Bangla,L,F,1,4L,transparent,1,0,transparent,1,0
4LF-Bangla,L,F,2,4L,transparent,2,0,transparent,1,1
4LF-Bangla,L,F,3,4L,transparent,3,0,transparent,0,0
4LF-Bangla,L,F,4,4L,transparent,0,0,,0,0
4LF-Bangla,L,F,5,4L,transparent,0,0,,0,0
4LF-Cantonese,L,F,1,4L,transparent,1,1,transparent,1,1
4LF-Cantonese,L,F,2,4L,transparent,1,0,transparent,1,0
4LF-Cantonese,L,F,3,4L,transparent,1,0,transparent,1,0
4LF-Cantonese,L,F,4,4L,transparent,1,1,transparent,1,1
4LF-Cantonese,L,F,5,4L,transparent,1,0,transparent,1,0
