Fish_ID,Sex.x,Treatment.x,MP_Binary,Distance_moved_Total_cm,Cumulative_Duration_Proportion_Total_White,Cumulative_Duration_Total_Black,Cumulative_Duration_Proportion_Total_Black,Mobility_state_Cumulative_Duration_s_Immobile,Cumulative_Duration_Proportion_White_Center,Mean_Trial_Acceleration,Acceleration,Tank_ID,Detour Date,HabituationTubeRelease_sec,Reaches_end_of_alley_sec_corrected,Engages_with_barrier_sec_corrected,Direction of first turn,Direction of turn to solve assay,timestamp of fish solve,Solve_Time,Reaches_Social_Reward_Opening_sec_Corrected,Social_Reward_Time,aftersolvetime,ProportionalSRT,Solve_Time_SRT_Corrected,Standard_Length,Gonadopodium_Length,BW_wet,Brain_wet,Gills_wet,GI_wet,Gonads_wet,BW_dry,gills_Dry,guts_Dry,gonads_Dry,MP_Total_Count,MP Brain,MP Gills,MP Guts,MP Gonads,Fish_condition_factor,GSI,mean_errors_per_trial
10CF-Accelerator,F,C,0,2610.6,0.294574,414.168,0.691393,171.496,0.0670944,-0.435108889,-0.024482,10C,2/10/2025,12,3,5,L,L,0:53:00,36,41,177,559,0.316636852,11.39892665,2.543,NA,0.2478,0.0038,0.0039,0.0044,0.0014,NA,0.0036,0.0013,NA,NA,NA,NA,NA,NA,0.097443964,0.564971751,0.2
10CF-Brakes,F,C,0,2228.68,0.584624,235.991,0.40057,154.286,0.129449,-0.31848,0.00878299,10C,2/10/2025,11,21,29,L,NA,NA,600,NA,NA,NA,NA,NA,2.358,NA,0.2148,0.0033,0.0028,0.0076,0.0015,NA,7.00E-04,0.0018,NA,NA,NA,NA,NA,NA,0.091094148,0.698324022,0
10CF-Carburetor,F,C,0,1300.77,0.356058,354.184,0.622154,58.5771,0.0799831,-0.294828889,-0.0172904,10C,2/10/2025,14,19,29,L,R,1:11:00,28,57,305,543,0.561694291,15.72744015,1.939,NA,0.1208,0.004,0.0031,0.0027,NA,NA,9.00E-04,9.00E-04,NA,NA,NA,NA,NA,NA,0.062300155,NA,0.4
10CM-Acura,M,C,0,1260.84,0.318694,379.568,0.65893,67.4913,0.143433,-0.103592222,0.00109132,10C,2/10/2025,14,29,35,L,R,1:19:00,30,65,170,535,0.317757009,9.53271028,1.897,0.615,0.087,0.0043,0.0011,0.0016,0.001,NA,2.00E-04,5.00E-04,NA,NA,NA,NA,NA,NA,0.045861887,1.149425287,0
10CM-Bentley,M,C,0,468.161,1,0,0,311.855,0.924302,-0.028483333,-0.000599004,10C,2/10/2025,8,15,16,R,L,1:33:00,69,85,103,515,0.2,13.8,1.87,0.625,0.0864,0.0035,0.0014,0.0012,0.0012,NA,2.00E-04,3.00E-04,NA,NA,NA,NA,NA,NA,0.046203209,1.388888889,0
10CM-Cadillac,M,C,0,2034.77,0.386076,333.532,0.598533,97.4707,0.308688,-0.301754444,-0.00631541,10C,NA,NA,NA,NA,NA,NA,NA,NA,NA,NA,NA,NA,NA,2.328,0.671,0.167,0.0044,0.037,0.003,0.0043,NA,0.001,0.0012,NA,NA,NA,NA,NA,NA,0.071735395,2.574850299,0
10HF-Allspice,F,H,1,1904.58,0.291085,405.002,0.679511,188.777,0.0989527,-0.539708667,-0.000251139,10H,3/3/2025,10,11,12,R,R,0:47:00,35,37,40,563,0.071047957,NA,2.284,NA,NA,NA,NA,NA,NA,NA,7.00E-04,0.0014,3.00E-04,2,0,2,0,0,NA,NA,0.4
10HF-BlackPepper,F,H,1,2812.42,0.271828,435.993,0.727905,92.5002,0.124214,-0.24666,0.00246044,10H,3/3/2025,12,5,11,R,R,1:30:00,79,78,19,522,0.036398467,NA,2.32,NA,0.2179,0.004,0.004,0.0087,0.0017,NA,0.001,0.0026,2.00E-04,1,0,1,0,0,0.093922414,0.780174392,0.6
10HF-Cinnamon,F,H,1,2184.38,0.47757,307.853,0.518254,68.1806,0.308501,-0.516558889,0.011853,10H,3/3/2025,12,5,5,R,R,0:23:00,18,11,132,589,0.224108659,NA,2.767,NA,0.3277,0.0067,0.0059,0.007,8.00E-04,NA,0.0012,0.002,1.00E-04,1,0,1,0,0,0.118431514,0.244125725,2.6
10HM-Anise,M,H,1,1342.13,0.342137,348.744,0.587252,29.0486,0.230158,-0.257928889,-0.0120943,10H,NA,NA,NA,NA,NA,NA,NA,NA,NA,NA,NA,NA,NA,1.932,0.67,0.2404,0.0049,0.0034,0.0079,0.0013,NA,1.00E-04,1.00E-04,1.00E-04,0,0,0,0,0,0.124430642,0.540765391,
10HM-Basil,M,H,1,1740.61,0.308772,408.192,0.688394,165.966,0.187989,-0.608407778,0.113965,10H,3/3/2025,8,25,37,R,R,1:51:00,74,103,282,497,0.567404427,NA,2.164,0.611,0.1539,0.0046,0.0014,0.0023,0.0019,NA,2.00E-04,7.00E-04,1.00E-04,2,0,2,0,0,0.071118299,1.234567901,
10HM-Cilantro,M,H,1,2054.64,0.266541,434.135,0.730899,164.001,0.11427,-0.229905556,0.0109497,10H,3/3/2025,10,20,22,R,R,1:05:00,43,55,124,545,0.227522936,NA,1.76,0.554,0.0693,0.0032,0.001,0.0014,0.0014,NA,1.00E-04,1.00E-04,1.00E-04,NA,NA,0,1,0,0.039375,2.02020202,1
10LF-Anakin,F,L,1,1370.83,0.272678,432.29,0.721685,226.353,0.0564949,-0.25155,-0.00825015,10L,2/6/2025,6,2,9,R,L,1:42:00,87,96,9,504,0.017857143,1.553571429,2.788,NA,0.3778,0.003,0.0035,0.0086,0.0486,NA,8.00E-04,0.0027,NA,1,0,1,0,0,0.135509326,12.86394918,1.2
10LF-BobaFett,F,L,1,1153.23,0.152973,504.31,0.841951,176.292,0.0575818,0.028175556,0.00112935,10L,2/6/2025,5,62,66,R,R,1:49:00,38,104,43,496,0.086693548,3.294354839,2.905,NA,0.4335,0.004,0.0061,0.0191,0.0311,NA,0.0015,0.0048,NA,NA,NA,NA,NA,NA,0.149225473,7.174163783,1
10LM-BB8,M,L,1,1844.82,0.32116,404.523,0.678706,126.919,0.218582,-0.204637778,0.00692299,10L,2/6/2025,7,15,17,L,R,4:34:00,260,267,13,333,0.039039039,9.75975976,NA,NA,NA,NA,NA,NA,NA,NA,NA,NA,NA,NA,NA,NA,NA,NA,NA,NA,
10LM-C3PO,M,L,1,1729.46,0.309882,396.729,0.662325,69.2445,0.0895542,-0.312763333,0.00706987,10L,2/6/2025,5,5,10,L,R,4:20:00,255,255,30,345,0.086956522,21.30434783,2.498,0.685,0.2032,0.0041,0.003,0.0035,0.0038,NA,9.00E-04,9.00E-04,NA,NA,NA,NA,NA,NA,0.081345076,1.87007874,2.6
11CF-Arrow,F,C,0,1893.52,0.24826,426.453,0.713172,101.409,0.133111,-0.451642222,-0.0373222,11C,2/20/2025,14,9,11,L,R,1:40:00,75,86,16,514,0.031128405,2.33463035,NA,NA,0.1877,0.004,0.0016,0.0053,0.0022,NA,7.00E-04,0.002,0.0022,NA,NA,NA,NA,NA,NA,1.172083111,0.2
11CF-Bow,F,C,0,1427.84,0.280673,375.555,0.687116,37.7715,0.100732,-0.495874,0.0034127,11C,2/20/2025,6,32,37,L,L,1:13:00,30,67,59,533,0.110694184,3.320825516,1.908,NA,0.1071,0.0023,0.0018,5.00E-04,1.00E-04,NA,NA,NA,NA,NA,NA,NA,NA,NA,0.056132075,0.093370682,0.2
11CF-Crossbow,F,C,0,2154.23,0.347534,389.936,0.650988,191.185,0.205752,-0.448548889,-0.00856968,11C,2/20/2025,5,8,9,L,NA,NA,600,NA,NA,NA,NA,NA,2.29,NA,0.2259,0.0046,0.0046,0.0044,0.0021,NA,0.0016,0.0014,0.0021,NA,NA,NA,NA,NA,0.098646288,0.929614874,
11CM-Archer,M,C,0,2425.34,0.263477,427.108,0.733214,105.05,0.131945,-0.199537778,0.000389046,11C,2/20/2025,9,6,10,L,L,2:24:00,125,135,NA,465,NA,NA,2.154,0.645,0.1294,0.0046,8.00E-04,8.00E-04,0.0027,NA,6.00E-04,4.00E-04,7.00E-04,NA,NA,NA,NA,NA,0.06007428,2.086553323,
11CM-Bowman,M,C,0,895.991,0.406155,245.971,0.582827,49.8677,0.305661,-0.218471667,-0.00112371,11C,2/20/2025,6,33,44,L,R,1:33:00,43,87,478,513,0.931773879,40.0662768,1.744,0.624,0.0628,0.0018,7.00E-04,4.00E-04,7.00E-04,NA,NA,NA,NA,NA,NA,NA,NA,NA,0.036009174,1.114649682,
11HM-Anole,M,H,1,741.383,0.999858,0,0,330.849,0.790533,-0.060847111,-0.0072188,11H,3/6/2025,5,111,114,R,R,2:03:00,9,118,202,482,0.419087137,NA,2.009,0.637,0.0962,8.00E-04,6.00E-04,0.0021,0.0019,NA,0,5.00E-04,NA,3,0,2,1,0,0.04788452,1.975051975,0
11HM-Basilisk,M,H,1,1909.55,0.987084,6.05133,0.0105293,399.872,0.963077,-0.017726667,-0.515764,11H,3/6/2025,5,80,91,R,R,5:01:00,210,296,19,304,0.0625,NA,1.686,0.583,0.052,0.0018,0.0016,0.0014,1.00E-04,NA,0,7.00E-04,NA,0,0,0,0,NA,0.03084223,0.192307692,0
11HM-Chameleon,M,H,1,952.172,0.0450363,551.861,0.954964,355.66,0.00725042,-0.315959333,-0.000269002,11H,3/6/2025,4,102,123,R,R,3:22:00,79,198,85,402,0.211442786,NA,2.012,0.553,0.1206,0.0027,0.0012,0.0034,9.00E-04,NA,3.00E-04,0.0012,1.00E-04,3,NA,2,1,0,0.059940358,0.746268657,1.4
11LM-Apricot,M,L,1,1867.34,0.351067,373.885,0.647271,50.4969,0.147686,-0.351504444,-0.000754406,11L,NA,7,30,45,R,R,NA,250,268,NA,NA,NA,NA,1.962,0.609,0.1066,0.0035,0.0015,0.0022,0.0026,NA,2.00E-04,7.00E-04,5.00E-04,1,0,1,0,0,0.054332314,2.43902439,0.2
11LM-Burnt,M,L,1,1827.22,0.111873,517.424,0.886482,270.235,0.0270085,-0.049278889,0.017258,11L,4/14/2025,8,32,38,R,R,4:44:00,246,276,10,324,0.030864198,NA,2.263,0.664,0.1604,0.0018,0.0019,0.0021,0.004,NA,7.00E-04,7.00E-04,NA,0,0,0,0,0,0.070879364,2.493765586,0.4
11LM-Coral,M,L,1,1753.85,0.251399,403.718,0.723346,51.0153,0.151098,-0.273914444,-0.00149663,11L,4/14/2025,10,19,29,R,L,3:17:00,178,187,217,413,0.525423729,NA,1.847,0.596,0.0893,0.0016,0.001,0.0025,0.0016,NA,4.00E-04,8.00E-04,4.00E-04,0,0,0,0,0,0.048348674,1.791713326,0.8
12CF-Autodesk,F,C,0,1726.94,0.274626,421.009,0.722764,235.352,0.12227,-0.414958889,-0.0533614,12C,2/27/2025,7,5,11,R,L,0:50:00,39,43,155,557,0.278276481,NA,2.033,NA,0.1493,0.0032,0.0019,0.0041,7.00E-04,NA,8.00E-04,0.0011,2.00E-04,NA,NA,NA,NA,NA,0.073438269,0.468854655,0
12CF-Blender,F,C,0,2201.49,0.257983,442.691,0.739078,146.443,0.144556,-0.235287778,0.00321412,12C,2/27/2025,5,NA,NA,NA,NA,NA,600,NA,NA,NA,NA,NA,2.024,NA,0.1328,0.0046,0.0025,0.003,NA,NA,4.00E-04,0.001,NA,NA,NA,NA,NA,NA,0.065612648,NA,0
12CF-CAD,F,C,0,764.609,0.182098,489.904,0.817902,392.036,0.16326,-0.025995444,-0.000992804,12C,2/27/2025,7,45,53,L,NA,NA,600,NA,NA,NA,NA,NA,NA,NA,NA,NA,NA,NA,NA,NA,NA,NA,NA,NA,NA,NA,NA,NA,NA,NA,0.2
12CM-Axis,M,C,0,1936.97,0.566787,253.173,0.42265,149.133,0.470517,-0.049188889,-0.00510157,12C,2/27/2025,6,56,64,L,L,1:50:00,46,104,174,496,0.350806452,NA,2.001,0.645,0.1006,0.0041,0.0011,0.0028,9.00E-04,NA,NA,NA,NA,NA,NA,NA,NA,NA,0.050274863,0.894632207,0.4
12CM-Belt,M,C,0,1688.38,0.295831,420.367,0.701897,64.4195,0.0958044,-0.396783333,-0.00133295,12C,2/27/2025,5,5,6,R,R,1:13:00,67,68,57,532,0.107142857,NA,1.752,0.62,0.0915,NA,NA,NA,NA,NA,NA,NA,NA,NA,NA,NA,NA,NA,0.052226027,NA,0.2
12HM-Ares,M,H,1,1687.71,0.611713,231.467,0.386415,281.525,0.0756786,-0.035313333,-0.0127368,12H,NA,NA,NA,NA,NA,NA,NA,NA,NA,NA,NA,NA,NA,2.401,0.77,0.1786,0.0046,0.0024,0.0038,0.0011,NA,6.00E-04,0.001,3.00E-04,2,0,1,0,1,0.074385673,0.615901456,0
12HM-Bacchus,M,H,1,1547.26,0.506079,286.085,0.477622,193.578,0.0622579,-0.134083333,-0.00182523,12H,NA,NA,NA,NA,NA,NA,NA,NA,NA,NA,NA,NA,NA,2.19,0.612,0.1345,0.0013,9.00E-04,0.0025,0.0019,NA,0,9.00E-04,3.00E-04,NA,NA,1,0,0,0.061415525,1.412639405,0.2
12HM-Chronus,M,H,1,2276.99,0.454362,319.375,0.538088,148.684,0.143859,-0.238351111,-0.00335716,12H,NA,NA,NA,NA,NA,NA,NA,NA,NA,NA,NA,NA,NA,2.111,0.665,0.1509,0.0015,9.00E-04,0.003,0.0037,NA,1.00E-04,8.00E-04,6.00E-04,2,0,0,2,0,0.07148271,2.451954937,0.8
13HM-Amaranth,M,H,1,NA,NA,,NA,NA,NA,NA,NA,13H,7-Apr,7,12,13,R,R,0:23:00,11,16,51,584,0.087328767,NA,NA,NA,0.1152,0.0029,0.0013,0.0028,0.001,NA,3.00E-04,8.00E-04,NA,0,0,0,0,NA,NA,0.868055556,0.2
13HM-Blush,M,H,1,2026.12,0.177288,491.1,0.819906,60.3372,0.0716099,-0.777361111,-0.0933918,13H,4/7/2025,9,3,7,R,R,1:25:00,78,76,108,524,0.20610687,NA,2.055,0.696,0.1224,0.001,0.0012,0.0017,0.0034,NA,0,7.00E-04,NA,1,0,0,1,0,0.059562044,2.777777778,0
13HM-Cerise,M,H,1,2324.59,0.206334,474.201,0.791661,132.478,0.0257918,-0.626385556,-0.0125802,13H,4/7/2025,6,4,6,R,R,3:09:00,183,183,88,417,0.211031175,NA,2.302,0.728,0.1431,0.0033,0.0017,0.002,0.0034,NA,6.00E-04,7.00E-04,5.00E-04,1,0,1,0,0,0.062163336,2.375960867,0
1CF-Apple,F,C,0,2109.17,0.404854,352.052,0.587724,564.805,0.210217,-0.17284,0.00817449,1C,7/1/2024,11,47,50,L,NA,NA,600,NA,NA,NA,NA,NA,2.659,NA,0.9189,0.0097,0.204,0.0467,0.0354,0.2222,0.0053,0.0171,0.0079,NA,NA,NA,NA,NA,0.345581046,3.852432256,
1CF-Banana,F,C,0,2132.93,0.248389,444.887,0.746242,575.084,0.238591,-1.022520889,-0.315674,1C,7/1/2024,13,4,17,R,R,7:28:00,418,435,10,165,0.060606061,25.33333333,4.003,NA,NA,0.0112,0.025,0.0266,0.0983,0.2776,0.0055,0.0073,0.0286,NA,NA,NA,NA,NA,NA,NA,
1CF-Cantaloupe,F,C,0,2725.25,0.235856,444,0.747846,573.972,0.211743,-1.73047,0.296845,1C,7/1/2024,8,51,55,L,NA,NA,600,NA,NA,NA,NA,NA,3.759,NA,0.9309,0.009,0.0221,0.0275,0.0139,0.2198,0.0046,0.0098,0.0036,NA,NA,NA,NA,NA,0.24764565,1.493178644,
1CM-Asparagus,M,C,0,NA,NA,,NA,NA,NA,NA,NA,1C,7/1/2024,7,14,16,L,R,0:32:00,9,25,91,575,0.15826087,1.424347826,NA,0.656,0.1955,0.0048,0.0037,0.0107,0.0045,0.0464,4.00E-04,0.0039,0.001,NA,NA,NA,NA,NA,NA,2.301790281,
1CM-Broccoli,M,C,0,NA,NA,,NA,NA,NA,NA,NA,1C,7/1/2024,9,13,16,R,NA,NA,600,NA,NA,NA,NA,NA,2.494,0.756,0.2457,0.0041,0.0043,0.0039,0.0058,0.059,0.0011,0.0011,0.0019,NA,NA,NA,NA,NA,0.098516439,2.360602361,
1HF-Argentina,F,H,1,2601.8,0.609426,220.506,0.390574,394.277,0.2236,-0.59508,-0.0131298,1H,NA,NA,NA,NA,NA,NA,NA,NA,NA,NA,NA,NA,NA,3.204,NA,0.504,0.0106,0.007,0.0122,0.08,0.983,0.0031,0.0038,0.0162,7,0,2,3,2,0.157303371,15.87301587,
1HF-Belarus,F,H,1,2441.19,0.199479,467.417,0.800521,513.75,0.159803,-0.2708,-0.00786688,1H,7/4/2024,7,13,16,R,R,0:27:00,4,20,16,580,0.027586207,0.110344828,3.429,NA,0.6403,0.0061,0.0235,0.0162,0.0223,0.153,0.0062,0.0045,0.0103,3,0,1,2,0,0.186730825,3.482742464,
1HF-Cuba,F,H,1,1940.95,0.172215,481.966,0.827785,442.643,0.0743466,0.011405556,-0.00998678,1H,7/4/2024,10,0,1,L,L,0:18:00,7,8,36,592,0.060810811,0.425675676,2.937,NA,0.4312,0.0064,0.0093,0.0094,0.0478,0.0871,0.0023,0.0031,0.0083,4,0,2,1,1,0.146816479,11.08534323,
1HM-Austin,M,H,1,997.188,0.909012,50.4341,0.090988,367.632,0.553161,-0.089124444,-0.00277954,1H,7/4/2024,9,9,12,R,L,1:08:00,47,59,335,541,0.61922366,29.10351201,NA,NA,0.0972,0.0032,0.005,0.0019,0.001,0.0186,0.0013,0.0075,2.00E-04,2,0,2,NA,0,NA,1.028806584,
1HM-Budapest,M,H,1,2061.36,0.395449,347.024,0.603507,369.151,0.0842669,-0.121092222,-0.0029021,1H,7/4/2024,8,1,1,R,L,0:37:00,28,29,30,571,0.052539405,1.471103327,2.334,NA,0.1674,0.04,0.0027,0.003,0.0055,0.0385,9.00E-04,8.00E-04,0.0019,0,0,NA,0,0,0.071722365,3.285543608,
1HM-Chang'an,M,H,1,1942.54,0.186249,484.305,0.812676,334.58,0.0125554,0.136627778,0.00142037,1H,7/4/2024,13,2,5,R,L,3:34:00,196,201,74,399,0.185463659,36.35087719,2.049,0.562,0.1039,0.0039,0.0033,0.0022,0.0021,0.0213,0.0012,5.00E-04,5.00E-04,2,0,1,1,0,0.050707662,2.021174206,
1LF-Abbadon,F,L,1,1623.13,0.398808,353.706,0.592215,484.025,0.219937,0.044733333,-0.00114237,1L,7/8/2024,11,27,30,L,L,2:08:00,87,117,15,483,0.031055901,2.701863354,3.416,NA,0.6355,0.0074,0.0172,0.0214,0.0054,0.1523,0.0042,0.0072,0.0019,2,0,1,1,0,0.1860363,0.849724626,
1LF-Baraqiel,F,L,1,2157.4,0.127981,521.112,0.869949,453.413,0.0704696,-0.125881111,0.00504485,1L,7/8/2024,11,3,4,R,L,2:04:00,109,113,132,487,0.271047228,29.54414784,3.356,NA,0.4918,0.0075,0.0105,0.0188,0.0045,0.1108,0.0023,0.0055,8.00E-04,2,0,1,1,0,0.146543504,0.9150061,
1LF-Cassiel,F,L,1,2270.67,0.0760804,551.836,0.921248,517.306,0.053971,0.124857778,0.00271099,1L,7/8/2024,14,13,14,R,L,2:19:00,111,125,16,475,0.033684211,3.738947368,3.696,NA,0.7195,0.0082,0.013,0.0258,0.041,0.164,0.0022,0.009,0.0138,4,0,3,1,0,0.194669913,5.698401668,
1LM-Asmodeus,M,L,1,2006.13,0.170925,484.579,0.827367,337.817,0.116409,0.139267778,0.0151451,1L,7/8/2024,6,113,116,R,L,5:29:00,217,323,35,277,0.126353791,26.15523466,1.864,0.651,0.1002,0.003,0.0027,0.0016,0.0022,0.0217,6.00E-04,5.00E-04,1.00E-04,0,0,0,0,NA,0.053755365,2.195608782,
1LM-Beelzebub,M,L,1,432.593,0.395262,322.733,0.604738,334.456,0.180087,0.024336556,0.000135337,1L,7/8/2024,6,9,11,NA,L,3:17:00,190,191,409,409,1,180,2.116,0.694,0.1398,0.0034,0.0024,0.0017,0.0052,0.0289,6.00E-04,6.00E-04,5.00E-04,1,0,0,1,0,0.066068053,3.719599428,
2CF-Astros,F,C,0,2266.72,0.222842,459.231,0.771511,497.204,0.131958,-0.075334444,-0.00818156,2C,7/11/2024,8,45,54,L,L,5:04:00,242,296,67,304,0.220394737,53.33552632,3.33,NA,0.6296,0.0059,0.008,0.0222,0.01429,0.1628,0.0027,0.0063,0.0047,NA,NA,NA,NA,NA,0.189069069,2.269695044,
2CF-Braves,F,C,0,2750.66,0.280208,417.788,0.715677,285.998,0.112125,-0.192546667,0.00473515,2C,7/11/2024,9,12,14,R,L,3:02:00,159,173,23,427,0.053864169,8.56440281,2.286,NA,0.1725,0.0038,0.0025,0.0025,NA,0.0422,5.00E-04,0.0011,NA,NA,NA,NA,NA,NA,0.075459318,NA,
2CF-Cubs,F,C,0,1208.73,0.309732,410.081,0.68459,423.805,0.0746777,0.030562222,0.00187243,2C,7/11/2024,10,26,35,L,L,0:50:00,5,40,105,560,0.1875,0.9375,2.93,NA,0.3556,0.005,0.0104,0.0074,0.0038,0.0737,0.0031,0.0022,0.001,NA,NA,NA,NA,NA,0.121365188,1.068616423,
2CM-Avalanche,M,C,0,2061.75,0.152676,488.208,0.829233,402.274,0.0391284,-0.168737778,-0.00981532,2C,7/11/2024,7,14,16,L,L,1:26:00,63,79,464,521,0.89059501,56.1074856,2.431,0.66,0.2023,0.0033,0.0029,0.0026,0.0049,0.0446,9.00E-04,4.00E-04,8.00E-04,NA,NA,NA,NA,NA,0.083216783,2.422145329,
2CM-Blues,M,C,0,1987.51,0.36335,369.833,0.628084,423.18,0.150219,0.091733333,0.00211104,2C,7/11/2024,9,28,47,NA,L,5:30:00,274,321,57,279,0.204301075,55.97849462,2.257,0.717,0.1782,0.003,0.0026,0.0036,0.0032,0.0444,4.00E-04,0.001,5.00E-04,NA,NA,NA,NA,NA,0.078954364,1.795735129,
2CM-Capitals,M,C,0,2496.69,0.251152,447.412,0.746911,348.543,0.03794,-0.010111111,0.00597772,2C,7/11/2024,6,7,8,R,R,0:22:00,8,16,22,584,0.037671233,0.301369863,2.228,0.643,0.1629,0.039,0.0038,0.0019,0.003,0.0367,8.00E-04,1.00E-04,NA,NA,NA,NA,NA,NA,0.073114901,1.841620626,
2HF-Apex,F,H,1,NA,NA,,NA,NA,NA,NA,NA,2H,7/15/2024,5,23,24,R,R,1:13:00,44,68,93,532,0.17481203,7.691729323,3.287,NA,0.4611,0.0075,0.0167,0.0143,0.0022,0.0977,0.0039,0.0033,3.00E-04,2,0,2,0,0,0.14027989,0.477119931,
2HF-Battlefield,F,H,1,NA,NA,,NA,NA,NA,NA,NA,2H,7/15/2024,8,21,24,L,L,4:20:00,228,252,52,348,0.149425287,34.06896552,3.316,NA,0.5952,0.0064,0.0114,0.0188,0.0306,0.1431,0.0037,0.006,0.0072,2,0,0,2,NA,0.179493366,5.141129032,
2HF-Cod,F,H,1,2439.64,0.476722,306,0.516732,532.277,0.147418,1.56765,0.00798692,2H,7/15/2024,5,40,43,L,NA,NA,600,NA,NA,NA,NA,NA,3.647,NA,0.7421,0.0093,0.0177,0.025,0.0095,0.18,0.0046,0.0073,0.0022,5,0,2,3,0,0.203482314,1.280150923,
2HM-Banjo-Kazooie,M,H,1,NA,NA,,NA,NA,NA,NA,NA,2H,7/15/2024,14,16,17,NA,R,2:03:00,92,109,18,491,0.036659878,3.372708758,2.512,0.771,0.2354,0.0055,0.0043,0.0046,0.0056,0.0558,0.0013,0.0011,7.00E-04,1,0,1,0,0,0.093710191,2.378929482,
2HM-Castlevania,M,H,1,NA,NA,,NA,NA,NA,NA,NA,2H,7/15/2024,6,4,5,L,L,1:37:00,86,91,140,509,0.275049116,23.65422397,2.161,0.651,0.1572,0.0042,0.0044,0.0036,0.0035,0.0361,0.001,NA,1.00E-04,5,0,4,1,0,0.0727441,2.226463104,
2LF-Accordian,F,L,1,2417.02,0.183057,486.819,0.812667,488.9,0.0791689,-0.278597778,0.008448,2L,7/16/2024,6,19,21,L,L,0:56:00,29,50,5,550,0.009090909,0.263636364,2.328,0.717,0.3712,0.0059,0.0085,0.0068,0.0016,0.1045,0.0023,0.002,0.003,6,1,2,2,1,0.159450172,0.431034483,
2LF-Bassoon,F,L,1,3198.48,0.508681,287.958,0.488131,361.859,0.0434075,-0.16165,-0.0246033,2L,7/16/2024,8,9,11,R,R,5:04:00,285,296,22,304,0.072368421,20.625,2.945,NA,0.4303,0.0072,0.01,0.0122,0.0067,0.1061,0.0027,0.0037,0.0027,1,0,1,0,0,0.146112054,1.557053219,
2LF-Clarinet,F,L,1,1212.51,0.490928,284.039,0.496042,562.742,0.345849,-0.250899,-0.00185709,2L,7/16/2024,7,15,21,L,R,4:35:00,247,268,11,332,0.03313253,8.18373494,3.737,NA,0.6477,0.0093,0.0203,0.0153,0.0126,0.1533,0.005,0.0043,0.0044,2,0,NA,0,2,0.173320846,1.945345067,
2LM-Autoharp,M,L,1,2173.61,0.208269,471.213,0.786654,483.977,0.0798878,-0.219445556,-0.0223261,2L,7/16/2024,7,49,54,R,L,3:05:00,124,178,47,422,0.111374408,13.81042654,2.832,NA,0.2058,0.0048,0.0027,0.0041,0.0017,0.0553,7.00E-04,0.0016,3.00E-04,2,0,1,1,0,0.072669492,0.826044704,
2LM-Bass,M,L,1,1850.67,0.0887678,428.375,0.907453,295.942,0.0253999,-0.217048889,-0.596938,2L,7/16/2024,9,25,37,R,NA,NA,600,NA,NA,NA,NA,NA,2.213,0.66,0.1632,0.0027,0.0021,0.0024,0.003,0.04,4.00E-04,8.00E-04,9.00E-04,2,0,1,1,NA,0.073746046,1.838235294,
2LM-Cello,M,L,1,2294.34,0.52022,277.604,0.477166,368.511,0.0774415,0.01425,-0.00344561,2L,7/16/2024,9,8,13,L,L,2:05:00,103,116,311,484,0.642561983,66.1838843,2.247,0.685,0.1483,0.0035,0.0019,0.0026,0.0026,0.0338,0.006,0.001,6.00E-04,5,1,4,NA,0,0.06599911,1.753202967,
3CF-Armin,F,C,0,2703.67,0.273149,329.347,0.549798,564.646,0.10074,-2.38633,0.168108,3C,7/29/2024,6,72,90,R,L,2:34:00,58,148,80,452,0.17699115,10.26548673,3.528,NA,0.6799,0.0066,0.0079,0.0095,0.0432,0.158,0.0024,0.003,0.0093,NA,NA,NA,NA,NA,0.19271542,6.35387557,
3CF-Bertholdt,F,C,0,3743.26,0.282139,388.753,0.650204,490.262,0.0455732,-2.350321111,0.710738,3C,7/29/2024,11,31,38,R,R,1:08:00,19,57,135,543,0.248618785,4.723756906,3.366,NA,0.4947,0.0063,0.008,0.0105,0.0024,0.1284,0.0026,0.0031,9.00E-04,NA,NA,NA,NA,NA,0.146969697,0.485142511,
3CF-Connie,F,C,0,2431.19,0.0795325,485.822,0.815611,523.513,0.0341237,-1.546172222,-0.418476,3C,7/29/2024,10,79,89,L,L,3:11:00,92,181,200,419,0.477326969,43.91408115,3.103,NA,0.4439,0.0049,0.0093,0.01,0.0329,0.0991,0.0023,0.003,0.0025,NA,NA,NA,NA,NA,0.143055108,7.411579185,0.8
3CM- Dio,M,C,0,1927.54,0.302051,478.426,0.690201,510.948,0.254024,0.000592222,-0.00470071,3C,7/29/2024,8,42,50,L,L,1:04:00,6,56,42,544,0.077205882,0.463235294,2.436,NA,0.2086,0.0046,0.005,0.003,0.0054,0.0538,0.0017,0.0011,7.00E-04,NA,NA,NA,NA,NA,0.085632184,2.588686481,
3CM-Avdol,M,C,0,2430.36,0.190368,413.44,0.798677,505.034,0.102598,-1.418191111,0.089746,3C,7/29/2024,6,27,39,L,L,1:56:00,71,110,95,490,0.193877551,13.76530612,2.555,0.662,0.2107,0.0021,0.0017,0.0031,0.002,NA,8.00E-04,0.0013,1.00E-04,NA,NA,NA,NA,NA,0.082465753,0.949216896,1.4
3CM-Bruno,M,C,0,2104.79,0.33458,393.865,0.657538,478.008,0.186427,-0.322678889,-0.000184859,3C,NA,NA,NA,NA,NA,NA,NA,NA,NA,NA,NA,NA,NA,2.037,0.675,0.105,0.0025,0.0011,0.0018,0.0012,0.0196,1.00E-04,4.00E-04,2.00E-04,NA,NA,NA,NA,NA,0.051546392,1.142857143,
3CM-Caesar,M,C,0,1607.74,0.581622,235.831,0.3937,338.944,0.094028,-0.179442222,0.00251425,3C,7/29/2024,10,24,28,R,R,1:00:00,22,50,89,550,0.161818182,3.56,2.235,0.734,0.1829,0.0042,0.0014,0.0027,0.0039,0.0434,2.00E-04,8.00E-04,7.00E-04,NA,NA,NA,NA,NA,0.081834452,2.132312739,
3HF-Azure,F,H,1,2936.7,0.287222,404.401,0.675105,533.92,0.203326,-1.945666667,0.0403191,3H,7/25/2024,10,153,155,L,NA,NA,600,NA,NA,NA,NA,NA,3.019,NA,0.4335,0.0072,0.0093,0.0124,0.0079,0.1159,0.0026,0.0049,0.002,0,0,0,0,0,0.143590593,1.822376009,0
3HF-Blue,F,H,1,NA,NA,,NA,NA,NA,NA,NA,3H,7/25/2024,7,78,88,R,R,2:45:00,70,158,32,442,0.07239819,5.067873303,3.329,NA,0.5883,0.0079,0.0099,0.013,0.066,0.1228,0.002,0.0028,0.0282,2,1,1,0,0,0.176719736,11.21876594,0
3HF-Cerulean,F,H,1,4361.33,0.174135,486.933,0.813369,464.973,0.0462882,-3.225577778,-2.17244,3H,7/25/2024,11,49,54,R,L,2:53:00,108,162,171,438,0.390410959,42.16438356,2.855,NA,0.4347,0.0069,0.0105,0.0126,0.0137,0.0993,0.0025,0.0038,0.0045,2,0,1,1,0,0.152259194,3.151598804,
3HM-Auburn,M,H,1,3388.35,0.704161,170.211,0.284149,539.842,0.690936,-3.756317778,0.756227,3H,7/25/2024,14,86,89,L,R,9:59:00,496,585,1,15,0.066666667,33.06666667,NA,NA,0.1365,0.0044,0.003,0.0016,0.001,0.028,3.00E-04,4.00E-04,1.00E-04,2,0,1,1,0,NA,0.732600733,0.4
3HM-Brown,M,H,1,1449.87,0.329067,386.326,0.644934,457.852,0.109153,0.019818889,-0.0167245,3H,7/25/2024,8,27,31,R,R,0:44:00,5,36,193,564,0.342198582,1.710992908,2.329,0.73,0.1451,0.0038,0.0022,0.0016,0.0027,0.337,4.00E-04,5.00E-04,5.00E-04,1,0,1,0,0,0.062301417,1.860785665,
3LF-Acacia,F,L,1,2225.75,0.258366,443.765,0.740832,498.501,0.0242469,-0.139267778,-0.00145489,3L,7/29/2024,13,10,11,R,NA,NA,600,NA,NA,NA,NA,NA,3.258,NA,0.4281,0.0071,0.0124,0.0114,0.0084,0.1013,0.0029,0.0033,0.0023,3,2,0,0,1,0.131399632,1.962158374,1.4
3LF-Baobab,F,L,1,1102.79,0.335049,397.636,0.663814,552.646,0.231031,-0.068401111,0.000708189,3L,7/29/2024,11,60,71,R,L,2:34:00,72,143,49,457,0.107221007,7.719912473,3.671,NA,0.7602,0.0056,0.0104,0.0203,0.0226,0.1823,0.0033,0.0055,0.0062,0,0,0,0,0,0.207082539,2.972901868,0.2
3LF-Cedar,F,L,1,2312.87,0.233211,451.719,0.754093,504.477,0.0784497,0.061088889,-0.0566274,3L,7/29/2024,11,15,18,R,R,1:58:00,89,107,95,493,0.192697769,17.15010142,NA,NA,0.5659,0.0074,0.0115,0.0149,0.0139,0.1405,0.0026,0.0037,0.0058,0,0,0,0,0,NA,2.456264358,0.6
3LM-Aconite,M,L,1,2758.01,0.233451,457.528,0.76381,329.172,0.053637,0.039727778,0.0120265,3L,NA,NA,NA,NA,NA,NA,NA,NA,NA,NA,NA,NA,NA,2.221,0.68,0.1579,0.0035,0.0017,0.0025,0.0034,0.0339,8.00E-04,0.0011,0.0011,0,0,0,0,0,0.071094102,2.153261558,0
3LM-BlueBonet,M,L,1,422.898,0.989629,6.09231,0.0101706,590.072,0.979257,-0.086494778,-0.00179105,3L,7/29/2024,8,38,45,R,R,1:15:00,22,67,360,533,0.675422139,14.85928705,2.058,0.668,0.133,0.0034,0.002,0.0025,0.0011,0.0309,0.001,0.0011,9.00E-04,1,0,0,1,0,0.06462585,0.827067669,0.6
4CF-Albali,F,C,0,3005.66,0.33605,363.946,0.607575,377.309,0.0515664,-0.316131111,-0.00905101,4C,8/1/2024,6,7,11,L,L,2:11:00,114,125,351,475,0.738947368,84.24,2.729,NA,0.311,0.0061,0.0052,0.0075,0.0018,0.079,0.0014,0.0021,0.0012,NA,NA,NA,NA,NA,0.113961158,0.578778135,
4CF-Bellatrix,F,C,0,1096.01,0.0517277,549.176,0.946341,543.493,0.0239327,-0.534358889,-0.00957056,4C,8/1/2024,7,1,2,L,R,4:10:00,241,243,93,357,0.260504202,62.78151261,2.653,NA,0.285,0.0048,0.004,0.0073,0.0024,0.0731,0.0019,0.0029,6.00E-04,NA,NA,NA,NA,NA,0.107425556,0.842105263,
4CF-Castor,F,C,0,2313.44,0.115995,514.041,0.879198,468.267,0.0456699,-0.250355556,-0.000622894,4C,8/1/2024,12,4,6,R,R,1:08:00,50,56,44,544,0.080882353,4.044117647,2.958,NA,0.3871,0.0083,0.0067,0.0092,0.0139,0.0963,0.0018,0.0025,0.0058,NA,NA,NA,NA,NA,0.13086545,3.59080341,
4CM-Andromeda,M,C,0,1973.1,0.185008,479.976,0.807853,368.615,0.115975,0.160153333,4.94E-06,4C,NA,NA,NA,NA,NA,NA,NA,NA,NA,NA,NA,NA,NA,2.234,0.656,0.285,0.0048,0.004,0.0073,0.0024,0.0333,0.001,0.0017,0.0012,NA,NA,NA,NA,NA,0.127573859,0.842105263,
4CM-Blackeye,M,C,0,1691.61,0.257699,427.059,0.736708,386.23,0.0507527,-0.078743333,0.00595168,4C,8/1/2024,7,4,40,L,L,1:11:00,24,64,446,536,0.832089552,19.97014925,2.229,0.659,0.1576,0.0036,0.0022,0.0039,0.0027,0.0389,0.0013,7.00E-04,3.00E-04,NA,NA,NA,NA,NA,0.070704352,1.71319797,
4HF-ArianaGrande,F,H,1,1794.7,0.276227,423.222,0.716793,480.041,0.169694,-0.158824444,-0.361911,4H,8/5/2024,10,1,2,L,NA,NA,600,NA,NA,NA,NA,NA,2.504,NA,0.2725,0.0029,0.0038,0.0078,0.002,0.0675,0.0019,0.0019,0.0011,3,0,1,2,0,0.108825879,0.733944954,1
4HF-Beyonce,F,H,1,1296.61,0.0745565,534.925,0.925166,437.371,0.0306264,-0.168775556,-0.000481066,4H,8/5/2024,7,22,26,L,R,1:30:00,57,83,88,517,0.170212766,9.70212766,2.982,NA,0.3816,0.0045,0.0045,0.0139,0.0125,0.0876,0.0012,0.0047,0.0056,0,0,0,0,0,0.127967807,3.275681342,2.8
4HF-ChappellRoan,F,H,1,1698.21,0.156609,495.501,0.842506,334.815,0.0485067,-0.372983333,-0.00772254,4H,8/5/2024,10,19,21,L,R,0:58:00,27,48,47,552,0.085144928,2.298913043,2.627,NA,0.2692,0.0051,0.004,0.0069,0.0268,0.0518,8.00E-04,0.0024,0.0061,1,0,1,0,0,0.102474305,9.955423477,1
4HM-ABBA,M,H,1,2251.8,0.318402,389.711,0.678996,334.338,0.045918,0.095991111,0.000757317,4H,8/5/2024,14,18,23,L,L,2:07:00,90,113,106,487,0.217659138,19.58932238,2.197,0.703,0.1469,0.0012,0.001,0.0015,0.0012,0.0297,6.00E-04,6.00E-04,4.00E-04,3,0,3,0,0,0.066863905,0.816882233,0.8
4HM-Beatles,M,H,1,1843.02,0.205287,465.66,0.792941,492.108,0.0770593,-0.566485556,-0.00334767,4H,8/5/2024,13,10,18,R,R,0:35:00,4,22,82,578,0.141868512,0.567474048,2.301,0.776,0.1625,0.0035,0.0026,0.0039,0.0017,0.0351,7.00E-04,0.0012,1.00E-04,0,0,0,0,0,0.070621469,1.046153846,0.6
4HM-Coldplay,M,H,1,1640.9,0.172777,466.736,0.823974,472.178,0.0428763,0.236146667,0.00864759,4H,8/5/2024,9,33,41,R,L,1:09:00,19,60,309,540,0.572222222,10.87222222,2.731,0.833,0.2293,0.0026,0.0022,0.0026,0.0017,0.0557,8.00E-04,0.0013,4.00E-04,1,0,1,0,0,0.083961919,0.741386829,0.4
4LF-Arabic,F,L,1,2473.73,0.258439,435.172,0.738708,533.121,0.140528,0.153616667,0.00456286,4L,8/12/2024,17,8,25,R,NA,NA,600,NA,NA,NA,NA,NA,3.814,NA,0.8067,0.0097,0.012,0.0229,0.0261,0.1955,0.0032,0.0081,0.0118,0,0,0,0,0,0.211510225,3.235403496,
4LF-Bangla,F,L,1,1516.24,0.249845,431.489,0.743673,513.714,0.156955,0.124957778,0.00763903,4L,8/12/2024,8,4,7,L,NA,NA,600,NA,NA,NA,NA,NA,3.825,NA,0.9288,0.0097,0.0122,0.0216,0.0942,0.1973,0.0029,0.0058,0.0425,1,0,1,0,0,0.242823529,10.14211886,
4LF-Cantonese,F,L,1,3571.32,0.257944,442.014,0.737909,402.826,0.12362,-0.299584444,-0.00225727,4L,8/12/2024,11,3,10,R,R,0:25:00,4,14,455,586,0.776450512,3.105802048,3.109,NA,0.8832,0.0096,0.004,0.0181,0.0071,0.0919,0.0013,0.0044,0.0031,1,0,1,0,0,0.284078482,0.803894928,
4LM-Assembly,M,L,1,1459.16,0.253914,421.486,0.739488,533.24,0.160126,0.152307778,0.00757409,4L,8/12/2024,11,15,24,L,R,9:23:00,528,552,69,48,1.4375,759,2.48,0.842,0.2177,0.0088,0.0011,0.0049,0.0029,0.0473,9.00E-04,0.0013,8.00E-04,0,0,0,0,0,0.087782258,1.332108406,
5CF-Ammonia,F,C,0,1829.6,0.587394,235.75,0.395489,137.201,0.0445026,-0.24988,-0.00365518,5C,8/21/2024,8,16,17,R,R,0:31:00,6,23,33,577,0.057192374,0.343154246,3.626,NA,0.9205,0.0082,0.0113,0.0156,0.1424,0.2046,0.0026,0.0048,0.0306,NA,NA,NA,NA,NA,0.253861004,15.46985334,1
5CM-Aluminium,M,C,0,1367.37,0.410531,345.71,0.577108,551.206,0.337632,0.142304444,-0.00417419,5C,8/21/2024,7,11,25,R,L,0:46:00,14,39,382,561,0.680926916,9.532976827,2.413,0.764,0.2396,0.0051,0.0038,0.0028,0.0051,0.0593,9.00E-04,8.00E-04,0.0017,NA,NA,NA,NA,NA,0.099295483,2.128547579,0.6
5CM-Boron,M,C,0,2068.19,0.741662,148.223,0.252734,105.816,0.0710087,-0.69275,-0.00856849,5C,8/21/2024,11,8,9,R,R,1:30:00,70,79,185,521,0.355086372,24.85604607,2.237,0.63,0.1731,0.0041,0.005,0.0038,0.0032,0.039,0.0012,0.0018,0.0018,NA,NA,NA,NA,NA,0.07738042,1.848642403,0.2
5HF-An,F,H,1,NA,NA,,NA,NA,NA,NA,NA,5H,8/26/2024,6,42,46,R,L,1:49:00,57,103,116,497,0.233400402,13.30382294,3.387,NA,0.7355,0.0068,0.0087,0.0162,0.1138,0.1485,0.0027,0.0049,0.0248,1,0,1,0,0,0.217153823,15.47246771,0.8
5HF-Bilal,F,H,1,1553.59,0.315938,307.29,0.679285,270.639,0.224659,-0.118581111,-0.000988231,5H,8/26/2024,6,221,225,R,R,7:20:00,209,434,49,166,0.295180723,61.69277108,3.875,NA,0.8448,0.0094,0.0147,0.017,0.1344,0.1626,0.003,0.0054,0.288,3,0,3,0,0,0.218012903,15.90909091,1.8
5HF-Casey,F,H,1,1706.21,0.737226,152.884,0.262774,340.223,0.577469,-0.158932222,-0.00178325,5H,8/26/2024,6,2,4,L,R,1:26:00,76,80,48,520,0.092307692,7.015384615,3.505,NA,0.5747,0.0087,0.0125,0.0165,0.0109,0.1221,0.0041,0.0068,0.0038,5,0,2,3,0,0.163965763,1.896641726,1.4
5HM-Archery,M,H,1,NA,NA,,NA,NA,NA,NA,NA,5H,8/26/2024,6,20,25,L,L,1:33:00,62,87,33,513,0.064327485,3.988304094,2.252,0.661,0.185,0.005,0.002,0.0021,0.0022,0.0421,1.00E-04,3.00E-04,0.0012,1,0,0,1,0,0.082149201,1.189189189,0.4
5HM-Boxing,M,H,1,NA,NA,,NA,NA,NA,NA,NA,5H,NA,NA,NA,NA,NA,NA,NA,NA,NA,NA,NA,NA,NA,2.145,0.713,0.1606,0.004,0.0026,0.003,0.0025,0.0375,6.00E-04,9.00E-04,5.00E-04,3,0,3,0,0,0.074871795,1.556662516,0
5HM-Canoeing,M,H,1,NA,NA,,NA,NA,NA,NA,NA,5H,NA,NA,NA,NA,NA,NA,NA,NA,NA,NA,NA,NA,NA,2.537,0.74,0.222,0.0049,0.0032,0.0025,0.0043,0.0507,9.00E-04,5.00E-04,0.002,1,0,1,0,0,0.087504927,1.936936937,0.4
5HM-Diving,M,H,1,1018.42,0.791049,124.198,0.207348,351.866,0.380628,-0.013,-0.061094,5H,NA,NA,NA,NA,NA,NA,NA,NA,NA,NA,NA,NA,NA,2.143,0.681,0.123,0.0035,0.0037,0.0024,0.0013,0.0225,8.00E-04,1.00E-04,1.00E-04,2,0,2,0,0,0.057396174,1.056910569,0.2
5LF-Aigna,F,L,1,1935.73,0.42513,500.339,0.574322,392.275,0.258281,-0.102136667,-0.0027577,5L,8/29/2024,10,18,20,L,L,2:01:00,91,111,78,489,0.159509202,14.51533742,3.756,NA,0.7425,0.0085,0.0147,0.0211,0.0728,0.1603,0.0036,0.0055,0.0352,1,1,0,0,0,0.197683706,9.804713805,1
5LF-Bala,F,L,1,2411.53,0.271314,434.761,0.728284,307.205,0.155228,-0.223148889,0.00259009,5L,8/29/2024,8,12,14,R,L,0:48:00,26,40,232,560,0.414285714,10.77142857,3.282,NA,0.4372,0.0069,0.0112,0.0133,0.0031,0.0983,0.0021,0.0029,5.00E-04,1,NA,0,1,0,0.133211456,0.70905764,
5LF-Ceron,F,L,1,1887.4,0.300463,410.934,0.699401,412.694,0.213838,-0.142974444,0.00499827,5L,8/29/2024,6,52,54,L,L,4:37:00,217,271,51,329,0.155015198,33.63829787,3.493,NA,0.7671,0.008,0.0124,0.0219,0.1132,0.1585,0.003,0.0064,0.0231,2,0,1,1,0,0.21961065,14.75687655,0
5LM-Arun,M,L,1,1130.08,0.201786,457.581,0.797935,329.301,0.147781,0.004863333,0.00045387,5L,8/29/2024,9,100,103,R,R,8:11:00,379,482,109,118,0.923728814,350.0932203,NA,NA,0.1697,0.0046,0.0021,0.0022,0.002,0.0433,6.00E-04,0.001,3.00E-04,3,0,2,1,0,NA,1.178550383,1
5LM-Braern,M,L,1,NA,NA,,NA,NA,NA,NA,NA,5L,8/29/2024,9,10,12,R,L,3:52:00,211,223,15,377,0.039787798,8.395225464,1.975,0.671,0.1065,0.0034,0.0011,0.0016,0.0016,0.0234,1.00E-04,9.00E-04,1.00E-04,0,0,0,0,0,0.053924051,1.502347418,0.6
5LM-Corym,M,L,1,1836.14,0.269137,433.879,0.730728,244.067,0.130054,-0.058105556,-0.0622646,5L,8/29/2024,22,36,40,R,NA,NA,600,NA,NA,NA,NA,NA,NA,NA,0.1934,0.0043,0.0038,0.0037,0.0018,0.04,8.00E-04,0.0021,0.0012,1,0,1,0,0,NA,0.930713547,0.6
6CF-Avocet,F,C,0,1168.27,0.0588316,529.826,0.903767,368.421,0.0274365,-0.117982222,0.00498517,6C,9/5/2024,16,62,65,L,L,5:36:00,255,320,27,280,0.096428571,24.58928571,3.481,NA,0.5058,0.007,0.0118,0.02,0.0046,0.1134,0.003,0.0047,0.0011,NA,NA,NA,NA,NA,0.145303074,0.909450376,
6CF-Bulbul,F,C,0,2305.23,0.329593,398.933,0.665999,274.331,0.120908,-0.103423333,0.00303766,6C,9/5/2024,8,34,38,L,NA,NA,600,NA,NA,NA,NA,NA,3.022,NA,0.4298,0.0069,0.0083,0.0131,0.0041,0.0968,0.0021,0.0038,7.00E-04,NA,NA,NA,NA,NA,0.142223693,0.953932061,0.8
6CF-Coot,F,C,0,1327.65,0.137085,464.416,0.861119,349.321,0.0208022,-0.03681,-0.000321744,6C,9/5/2024,10,23,26,L,L,7:47:00,431,457,15,143,0.104895105,45.20979021,3.314,NA,0.605,0.0086,0.0082,0.0174,0.009,0.1387,0.0019,0.0053,0.0021,NA,NA,NA,NA,NA,0.182558841,1.487603306,0.4
6CM-Armadillo,M,C,0,965.575,0.294855,332.014,0.684202,248.95,0.224604,0.237503333,0.00407682,6C,9/5/2024,9,61,62,L,L,1:35:00,24,86,309,514,0.601167315,14.42801556,NA,NA,0.1175,0.004,0.0012,0.0011,0.0011,0.0216,4.00E-04,NA,NA,NA,NA,NA,NA,NA,NA,0.936170213,0.6
6CM-Bear,M,C,0,1175.93,0.15432,498.783,0.834963,398.274,0.0803751,0.089533333,-0.00529021,6C,9/5/2024,6,0,1,R,L,1:45:00,98,99,29,501,0.057884232,5.672654691,2.317,0.714,0.1676,0.0053,0.0033,0.0015,0.0022,0.0351,9.00E-04,2.00E-04,1.00E-04,NA,NA,NA,NA,NA,0.072334916,1.312649165,1.2
6HF-Arboliva,F,H,1,NA,NA,,NA,NA,NA,NA,NA,6H,NA,8,20,24,NA,NA,NA,20,NA,NA,NA,NA,NA,2.827,NA,0.344,0.006,0.0048,0.0127,0.0109,0.0694,0.0012,0.0036,0.0042,2,0,2,0,0,0.121683764,3.168604651,0.4
6HF-Bellsprout,F,H,1,NA,NA,,NA,NA,NA,NA,NA,6H,NA,NA,NA,NA,NA,NA,NA,NA,NA,NA,NA,NA,NA,2.191,NA,0.1705,0.004,0.0025,0.006,6.00E-04,0.034,6.00E-04,0.0021,1.00E-04,1,0,0,1,0,0.077818348,0.351906158,1
6HF-Chikorita,F,H,1,NA,NA,,NA,NA,NA,NA,NA,6H,NA,NA,NA,NA,NA,NA,NA,NA,NA,NA,NA,NA,NA,2.576,NA,0.2069,0.0049,0.0034,0.0053,5.00E-04,0.0436,0.0011,0.0013,2.00E-04,1,0,1,0,0,0.080318323,0.241662639,1
6HM-Arrokuda,M,H,1,NA,NA,,NA,NA,NA,NA,NA,6H,NA,15,45,50,NA,NA,NA,111,NA,NA,NA,NA,NA,2.306,0.735,0.1645,0.0041,0.0015,0.0026,0.0027,0.035,4.00E-04,4.00E-04,4.00E-04,0,0,0,0,0,0.071335646,1.641337386,1
6HM-Blastoise,M,H,1,NA,NA,,NA,NA,NA,NA,NA,6H,NA,NA,NA,NA,NA,NA,NA,NA,NA,NA,NA,NA,NA,NA,NA,0.1113,0.0019,0.0011,0.0012,0.0024,0.0231,1.00E-04,1.00E-04,3.00E-04,0,0,0,0,0,NA,2.156334232,0
6HM-Chewtle,M,H,1,NA,NA,,NA,NA,NA,NA,NA,6H,NA,6,39,42,NA,NA,NA,50,NA,NA,NA,NA,NA,1.971,0.703,0.1121,8.00E-04,0.0012,0.0016,0.001,0.0225,4.00E-04,3.00E-04,1.00E-04,1,NA,1,0,0,0.056874683,0.89206066,1.8
6HM-Dewgong,M,H,1,NA,NA,,NA,NA,NA,NA,NA,6H,NA,5,30,39,NA,NA,NA,175,NA,NA,NA,NA,NA,1.919,0.576,0.1148,0.0029,0.0014,0.0019,0.0011,0.0211,7.00E-04,6.00E-04,1.00E-04,0,0,0,0,0,0.059822824,0.958188153,0.4
6LF-Ant,F,L,1,1824.31,0.242836,450.028,0.756357,209.004,0.0855644,-0.03775,0.0102868,6L,9/13/2024,13,12,17,R,L,1:03:00,33,50,89,550,0.161818182,5.34,3.103,NA,0.3949,0.0073,0.0086,0.0108,0.0028,0.0855,0.0017,0.0038,5.00E-04,2,0,2,0,0,0.127263938,0.709040263,0
6LF-Bee,F,L,1,1918.94,0.241509,445.733,0.750674,379.953,0.192318,-0.289287778,0.00178498,6L,9/13/2024,10,19,20,R,L,2:08:00,98,118,147,482,0.304979253,29.8879668,NA,NA,0.5177,0.0077,0.0072,0.0218,0.0044,0.1302,0.0018,0.0072,0.0013,2,0,1,1,0,NA,0.849913077,1.6
6LF-Cricket,F,L,1,1511.43,0.146659,506.861,0.851459,324.49,0.0517543,-0.089598889,-0.00405015,6L,9/13/2024,8,97,103,R,L,3:17:00,86,189,37,411,0.090024331,7.742092457,3.265,NA,0.6361,0.008,0.0137,0.0185,0.0638,0.1282,0.0024,0.0047,0.027,1,0,1,0,0,0.19482389,10.02986952,1.6
6LM-Anchovy,M,L,1,1236.83,0.477484,306.085,0.521971,125.795,0.0394378,-0.050234444,-0.0025263,6L,9/13/2024,7,25,26,L,L,0:41:00,8,34,541,566,0.955830389,7.64664311,NA,NA,0.1145,0.005,0.003,0.0022,0.001,0.0247,8.00E-04,6.00E-04,NA,0,0,NA,0,NA,NA,0.873362445,2
7CM-Aarakocra,M,C,0,3308.16,0.380361,366.029,0.611089,98.0291,0.122244,-0.524657778,-0.00206981,7C,9/19/2024,8,42,73,R,NA,NA,600,NA,NA,NA,NA,NA,2.189,NA,0.1528,0.0038,0.0023,0.0028,0.002,0.0345,7.00E-04,0.0011,NA,NA,NA,NA,NA,NA,0.069803563,1.308900524,0
7CF-Arcadia,F,C,0,2049.29,0.23153,460.136,0.768203,254.075,0.0460922,-0.296895556,-0.0144564,7C,9/19/2024,11,33,35,R,L,1:03:00,17,52,408,548,0.744525547,12.65693431,2.978,NA,0.3899,0.0055,0.0064,0.0134,0.0277,0.0866,0.0019,0.0049,0.0123,NA,NA,NA,NA,NA,0.130926797,7.10438574,
7CF-Bytopia,F,C,0,148.211,0,557.371,0.997137,542.247,0,0.030624667,0.00310743,7C,NA,NA,NA,NA,NA,NA,NA,NA,NA,NA,NA,NA,NA,NA,NA,NA,NA,NA,NA,NA,NA,NA,NA,NA,NA,NA,NA,NA,NA,NA,NA,
7CF-Carceri,F,C,0,2294.19,0.105412,532.229,0.893111,177.25,0.0367933,-0.214164444,-0.0054085,7C,NA,NA,NA,NA,NA,NA,NA,NA,NA,NA,NA,NA,NA,2.946,NA,0.4563,0.008,0.0052,0.0119,0.005,0.1052,0.0014,0.0034,0.0011,NA,NA,NA,NA,NA,0.154887984,1.095770327,0.2
7CM-Bugbear,M,C,0,2000.72,0.154353,502.461,0.843498,138.199,0.0502418,-0.116643333,0.00138685,7C,9/19/2024,9,136,136,R,R,2:31:00,6,142,279,458,0.609170306,3.655021834,2.289,0.716,0.2024,0.0051,0.0032,0.0025,0.005,0.0427,9.00E-04,1.00E-04,NA,NA,NA,NA,NA,NA,0.088422892,2.470355731,
7HF-Aperture,F,H,1,3598.39,0.502886,295.269,0.494697,70.9929,0.0279232,-0.566037778,-0.0111121,7H,12/2/2024,14,2,3,R,R,2:23:00,126,129,88,471,0.186836518,23.54140127,2.903,NA,0.4368,0.0066,0.007,0.0091,0.0129,0.1054,0.0019,0.0023,0.0052,3,0,3,0,0,0.150465036,2.953296703,2
7HF-Bitmap,F,H,1,1877.5,0.424532,284.485,0.50007,74.5021,0.0638627,-0.40677775,0.000284319,7H,12/2/2024,8,28,30,R,R,5:55:00,317,347,35,253,0.138339921,43.85375494,2.882,NA,0.2769,0.0033,0.0083,0.0725,9.00E-04,0.0685,3.00E-04,0.0046,8.00E-04,4,0,2,1,1,0.096079112,0.325027086,0.6
7HF-Chromatic,F,H,1,NA,NA,,NA,NA,NA,NA,NA,7H,12/2/2024,6,2,3,L,R,1:51:00,102,105,32,495,0.064646465,6.593939394,NA,NA,0.26,0.0051,0.0056,0.0057,0.0013,0.0545,0.001,0.002,7.00E-04,3,0,2,1,0,NA,0.5,0.6
7HM-Collage,M,H,1,1706.03,0.229264,457.728,0.765778,51.7397,0.0309527,0.088478889,0.00937101,7H,NA,NA,NA,NA,NA,NA,NA,NA,NA,NA,NA,NA,NA,2.326,0.768,0.1602,0.0037,0.0022,0.0028,0.0026,0.0398,4.00E-04,7.00E-04,3.00E-04,1,0,1,0,0,0.068873603,1.622971286,0.8
7HM-Acrylic,M,H,1,788.866,0.169188,299.827,0.501272,153.476,0.00615714,-0.082737778,-0.963259,7H,NA,NA,NA,NA,NA,NA,NA,NA,NA,NA,NA,NA,NA,2.484,0.693,0.2033,0.0033,0.0025,0.0037,0.0025,0.0495,9.00E-04,0.0012,6.00E-04,1,0,1,0,0,0.0818438,1.229709788,1.2
7HM-Baroque,M,H,1,403.755,0,600,0.98762,146.844,0,0.06252325,-0.00017008,7H,NA,NA,NA,NA,NA,NA,NA,NA,NA,NA,NA,NA,NA,NA,NA,0.1222,0.0016,0.0068,0.0021,0.0013,0.0283,1.00E-04,5.00E-04,NA,1,0,1,0,0,NA,1.063829787,0.8
7LF-Akali,F,L,1,2701.33,0.143335,509.855,0.851981,290.168,0.0630353,0.270722222,0.0207538,7L,9/26/2024,32,44,46,R,R,1:30:00,12,58,90,542,0.166051661,1.992619926,3.169,NA,0.8984,0.0089,0.0095,0.0141,0.0106,0.1309,0.0024,0.0029,3.00E-04,3,1,2,0,0,0.283496371,1.179875334,0
7LF-Briar,F,L,1,1870.06,0.250682,433.091,0.738537,337.382,0.147243,-0.200675556,-0.0450249,7L,9/26/2024,10,35,36,R,L,1:06:00,20,56,267,544,0.490808824,9.816176471,2.716,NA,0.448,0.006,0.0035,0.0099,0.0315,0.0945,8.00E-04,0.0012,0.0016,NA,NA,0,0,1,0.164948454,7.03125,0
7LM-Azir,M,L,1,1268.29,0.325779,172.928,0.2968,109.15,0.0721055,-0.103544444,-0.192317,7L,NA,8,20,21,R,R,NA,280,NA,NA,NA,NA,NA,2.096,0.692,0.1803,0.0047,0.0023,0.0039,0.0032,0.0361,1.00E-04,1.00E-04,NA,1,0,1,0,NA,0.086020992,1.774819745,1
7LM-Braum,M,L,1,1251.79,0.427274,337.094,0.570422,375.385,0.311644,0.140703333,0.000735984,7L,NA,8,16,24,R,NA,NA,600,NA,NA,NA,NA,NA,2.199,0.651,0.2093,0.0044,0.0019,0.0025,0.0042,0.0439,2.00E-04,6.00E-04,NA,1,0,1,0,0,0.095179627,2.006688963,0.6
8CF-Arcanine,F,C,0,1969.24,0.137009,508.696,0.858938,203.494,0.0368869,-0.181586667,0.00239558,8C,11/7/2024,10,22,29,R,R,0:47:00,8,37,61,563,0.108348135,0.86678508,2.724,NA,0.2774,0.0051,0.0045,0.0075,0.0015,0.0528,8.00E-04,6.00E-04,NA,NA,NA,NA,NA,NA,0.101835536,0.5407354,0.8
8CF-Braixen,F,C,0,1124.75,0.175235,472.539,0.816059,199.819,0.0458817,0.270110222,0.00150431,8C,10/10/2024,10,9,11,L,R,0:32:00,11,22,195,578,0.337370242,3.711072664,NA,NA,0.1894,0.0042,0.0044,0.004,0.0019,0.0387,9.00E-04,8.00E-04,NA,NA,NA,NA,NA,NA,NA,1.003167899,1.4
8CF-Charmander,F,C,0,2322.46,0.415358,343.294,0.580986,173.168,0.0146262,-0.077698889,-0.00101594,8C,11/7/2024,11,12,14,L,NA,NA,600,NA,NA,NA,NA,NA,NA,NA,0.4945,0.0089,0.0092,0.0171,0.0051,0.105,0.002,0.0044,NA,NA,NA,NA,NA,NA,NA,1.031344793,1
8CM-Abra,M,C,0,1308.61,0.353587,369.722,0.64238,224.954,0.243882,-0.042163333,-0.0103594,8C,11/7/2024,8,22,25,L,NA,NA,600,NA,NA,NA,NA,NA,2.101,0.566,0.1313,0.0038,0.0012,0.0016,0.0021,0.0281,1.00E-04,4.00E-04,NA,NA,NA,NA,NA,NA,0.06249405,1.599390708,1.2
8LF-Agatha,F,L,1,1220.75,0.244564,435.786,0.753497,408.955,0.0999862,0.029846667,-0.00513364,8L,10/10/2024,9,6,9,L,L,4:25:00,247,256,89,344,0.25872093,63.90406977,2.835,NA,0.3304,NA,NA,NA,NA,0.0746,0.0011,0.0013,4.00E-04,0,0,0,0,0,0.11654321,NA,0.4
8LF-Brimsley,F,L,1,2669.01,0.286352,420.299,0.710402,180.139,0.0417963,-0.332167778,0.00861127,8L,10/10/2024,5,13,16,L,R,3:52:00,211,227,135,373,0.361930295,76.36729223,3,NA,0.448,NA,NA,NA,NA,0.1,0.0011,0.0031,0.01,1,0,0,1,0,0.149333333,NA,3
8LF-Charlotte,F,L,1,2775.73,0.340949,435.786,0.657849,115.712,0.0268537,-0.329188889,-0.0256488,8L,10/10/2024,7,11,12,R,R,7:26:00,427,439,95,161,0.590062112,251.9565217,2.292,NA,0.1703,NA,NA,NA,NA,0.0348,4.00E-04,9.00E-04,NA,2,0,1,1,NA,0.07430192,NA,0.8
8LM-Agatha,M,L,1,1220.75,0.244564,394.028,0.753497,408.955,0.0999862,0.029846667,-0.00513364,NA,NA,NA,NA,NA,NA,NA,NA,NA,NA,NA,NA,NA,NA,NA,NA,NA,NA,NA,NA,NA,NA,NA,NA,NA,NA,NA,NA,NA,NA,NA,NA,0.4
8LM-Anthony,M,L,1,2187.14,0.191316,482.133,0.804943,180.13,0.0694723,-0.053004444,0.00624533,8L,10/10/2024,8,6,20,L,R,6:39:00,371,391,25,209,0.119617225,44.37799043,2.213,0.655,0.1803,NA,NA,NA,NA,0.0332,NA,3.00E-04,NA,0,0,0,0,NA,0.081473113,NA,1
8LM-Benedict,M,L,1,1695.29,0.151479,506.525,0.846916,250.341,0.118828,-0.133938889,0.000827574,8L,10/10/2024,9,87,89,R,R,6:05:00,267,356,26,244,0.106557377,28.45081967,2.355,0.694,0.2093,NA,NA,NA,NA,0.0408,7.00E-04,9.00E-04,0.0019,1,0,1,0,0,0.088874735,NA,0.6
8LM-Colin,M,L,1,2870.96,0.222044,459.737,0.767535,61.9384,0.0655979,-0.247303333,-0.00039928,8L,10/10/2024,8,3,5,R,L,0:18:00,5,10,24,590,0.040677966,0.203389831,2.064,0.672,0.1345,NA,NA,NA,NA,0.0291,9.00E-04,7.00E-04,NA,3,1,0,0,2,0.065164729,NA,1.8
9CF-Abigail,F,C,0,2565.12,0.248696,394.985,0.659848,165.037,0.0652494,-0.246627778,-0.265383,9C,NA,NA,NA,NA,NA,NA,NA,NA,NA,NA,NA,NA,NA,2.904,NA,0.3849,0.0052,0.0067,0.0136,0.0039,0.882,0.0019,0.0036,0.0012,NA,NA,NA,NA,NA,0.132541322,1.013250195,1
9CF-Barbara,F,C,0,NA,NA,,NA,NA,NA,NA,NA,9C,12/6/2024,6,71,80,R,L,3:01:00,95,175,115,425,0.270588235,25.70588235,2.232,NA,0.1696,0.0048,0.0022,0.0037,8.00E-04,0.0362,3.00E-04,8.00E-04,1.00E-04,NA,NA,NA,NA,NA,0.075985663,0.471698113,0
9CF-Claudia,F,C,0,2307.1,0.184968,466.695,0.814753,188.775,0.033948,-0.183615556,-0.00544376,9C,12/6/2024,12,18,23,R,R,0:44:00,9,32,36,568,0.063380282,0.570422535,2.753,NA,0.3228,0.0063,0.0042,0.0104,0.0027,0.0753,0.001,0.0027,8.00E-04,NA,NA,NA,NA,NA,0.117253905,0.836431227,1
9CM-Andrew,M,C,0,1183.1,0.396194,354.823,0.594022,5.84434,0.136443,-0.323271111,-0.0182,9C,12/6/2024,10,10,13,L,L,0:50:00,27,40,91,560,0.1625,4.3875,2.011,0.562,0.0995,0.0019,0.0016,0.001,0.001,0.0206,4.00E-04,5.00E-04,2.00E-04,NA,NA,NA,NA,NA,0.049477872,1.005025126,1
9CM-Bill,M,C,0,1156.41,0.14735,500.379,0.847635,118.513,0.0345669,-0.21641,0.00120435,9C,12/6/2024,9,33,40,L,R,5:38:00,289,329,39,271,0.143911439,41.5904059,1.922,0.569,0.1027,0.0032,0.0017,0.0015,0.0032,0.0217,8.00E-04,8.00E-04,4.00E-04,NA,NA,NA,NA,NA,0.053433923,3.11587147,0.4
9CM-Chester,M,C,0,NA,NA,,NA,NA,NA,NA,NA,9C,12/6/2024,14,15,19,L,R,0:44:00,11,30,51,570,0.089473684,0.984210526,1.995,0.792,0.107,0.0025,0.0013,0.0017,0.0019,0.0226,2.00E-04,1.00E-04,NA,NA,NA,NA,NA,NA,0.053634085,1.775700935,1.6
9CM-Donald,M,C,0,921.132,0.000668181,597.889,0.998396,205.672,0.000668181,-0.012068889,0.000528812,9C,12/6/2024,12,7,10,L,L,0:33:00,11,21,138,579,0.238341969,2.621761658,1.662,0.524,0.0657,0.0029,8.00E-04,0.001,9.00E-04,0.0139,2.00E-04,1.00E-04,NA,NA,NA,NA,NA,NA,0.039530686,1.369863014,0.2
9LF-Amber,F,L,1,1818,0.161638,490.577,0.83686,286.103,0.0623891,-0.204477778,-0.00435268,9L,1/30/2025,9,41,46,R,L,2:59:00,124,170,59,430,0.137209302,17.01395349,NA,NA,0.2471,0.0051,0.0033,0.0067,0.0028,0.0654,6.00E-04,0.0018,NA,2,0,1,1,NA,NA,1.133144476,0.4
9LF-Bloodstone,F,L,1,2504.88,0.351526,377.152,0.647924,90.747,0.117954,-0.561901111,0.00724036,9L,1/30/2025,11,19,21,L,L,4:23:00,231,252,109,348,0.313218391,72.35344828,2.256,NA,0.1718,0.0024,0.0022,0.0065,6.00E-04,0.0387,8.00E-04,0.0021,NA,2,NA,0,2,0,0.076152482,0.349243306,0.6
9LF-Carnelian,F,L,1,1302.3,0.106178,534.719,0.893554,334.579,0.0240706,-0.001226667,0.000192822,9L,1/30/2025,7,64,73,R,L,1:55:00,35,108,91,492,0.18495935,6.473577236,2.325,NA,0.1871,0.004,0.0026,0.0064,0.0015,0.0419,0.001,0.0023,NA,0,0,0,0,0,0.080473118,0.801710315,0.4
9LM-Amethyst,M,L,1,2324.03,0.312738,401.639,0.683043,184.135,0.0954001,-0.063956667,-0.000478267,9L,1/30/2025,9,31,33,R,L,2:14:00,92,125,89,475,0.187368421,17.23789474,2.036,0.627,0.1135,0.0029,0.0011,0.0014,0.0021,0.0274,5.00E-04,4.00E-04,NA,0,0,0,0,0,0.055746562,1.850220264,1.6
9LM-Barite,M,L,1,1680.29,0.189858,484.144,0.809473,245.353,0.0608777,0.059974444,0.0040155,9L,1/30/2025,6,92,98,L,R,3:21:00,97,195,64,405,0.158024691,15.32839506,2.23,0.634,0.156,0.0038,0.0017,0.0035,0.0024,0.0329,3.00E-04,7.00E-04,NA,0,0,0,0,0,0.069955157,1.538461538,0.4
9LM-Citrine,M,L,1,1397.44,0.234233,411.884,0.75154,20.0154,0.165591,-0.162681111,1.39E-06,9L,1/30/2025,5,34,38,R,L,2:12:00,89,127,100,473,0.21141649,18.81606765,1.68,0.536,0.0057,0.0016,0.0012,0.0016,5.00E-04,0.0095,2.00E-04,4.00E-04,NA,1,0,0,1,0,0.003392857,8.771929825,0.2
