fish_id,Sex.x,Tank_ID,Treatment.x,MP_Binary,Distance_moved_Total_cm,Cumulative_Duration_Total_Black,Engages_with_barrier_sec_corrected,Solve_Time
10CF-Accelerator,F,10C,C,0,2610.6,414.168,5,36
10CF-Brakes,F,10C,C,0,2228.68,235.991,29,600
10CF-Carburetor,F,10C,C,0,1300.77,354.184,29,28
10CM-Acura,M,10C,C,0,1260.84,379.568,35,30
10CM-Bentley,M,10C,C,0,468.161,0,16,69
10CM-Cadillac,M,10C,C,0,2034.77,333.532,NA,NA
10HF-Allspice,F,10H,H,1,1904.58,405.002,12,35
10HF-BlackPepper,F,10H,H,1,2812.42,435.993,11,79
10HF-Cinnamon,F,10H,H,1,2184.38,307.853,5,18
10HM-Anise,M,10H,H,1,1342.13,348.744,NA,NA
10HM-Basil,M,10H,H,1,1740.61,408.192,37,74
10HM-Cilantro,M,10H,H,1,2054.64,434.135,22,43
10LF-Anakin,F,10L,L,1,1370.83,432.29,9,87
10LF-BobaFett,F,10L,L,1,1153.23,504.31,66,38
10LM-BB8,M,10L,L,1,1844.82,404.523,17,260
10LM-C3PO,M,10L,L,1,1729.46,396.729,10,255
11CF-Arrow,F,11C,C,0,1893.52,426.453,11,75
11CF-Bow,F,11C,C,0,1427.84,375.555,37,30
11CF-Crossbow,F,11C,C,0,2154.23,389.936,9,600
11CM-Archer,M,11C,C,0,2425.34,427.108,10,125
11CM-Bowman,M,11C,C,0,895.991,245.971,44,43
11HM-Anole,M,11H,H,1,741.383,0,114,9
11HM-Basilisk,M,11H,H,1,1909.55,6.05133,91,210
11HM-Chameleon,M,11H,H,1,952.172,551.861,123,79
11LM-Apricot,M,11L,L,1,1867.34,373.885,45,250
11LM-Burnt,M,11L,L,1,1827.22,517.424,38,246
11LM-Coral,M,11L,L,1,1753.85,403.718,29,178
12CF-Autodesk,F,12C,C,0,1726.94,421.009,11,39
12CF-Blender,F,12C,C,0,2201.49,442.691,NA,600
12CF-CAD,F,12C,C,0,764.609,489.904,53,600
12CM-Axis,M,12C,C,0,1936.97,253.173,64,46
12CM-Belt,M,12C,C,0,1688.38,420.367,6,67
12HM-Ares,M,12H,H,1,1687.71,231.467,NA,NA
12HM-Bacchus,M,12H,H,1,1547.26,286.085,NA,NA
12HM-Chronus,M,12H,H,1,2276.99,319.375,NA,NA
13HM-Amaranth,M,13H,H,1,NA,,13,11
13HM-Blush,M,13H,H,1,2026.12,491.1,7,78
13HM-Cerise,M,13H,H,1,2324.59,474.201,6,183
1CF-Apple,F,1C,C,0,2109.17,352.052,50,600
1CF-Banana,F,1C,C,0,2132.93,444.887,17,418
1CF-Cantaloupe,F,1C,C,0,2725.25,444,55,600
1CM-Asparagus,M,1C,C,0,NA,,16,9
1CM-Broccoli,M,1C,C,0,NA,,16,600
1HF-Argentina,F,1H,H,1,2601.8,220.506,NA,NA
1HF-Belarus,F,1H,H,1,2441.19,467.417,16,4
1HF-Cuba,F,1H,H,1,1940.95,481.966,1,7
1HM-Austin,M,1H,H,1,997.188,50.4341,12,47
1HM-Budapest,M,1H,H,1,2061.36,347.024,1,28
1HM-Chang'an,M,1H,H,1,1942.54,484.305,5,196
1LF-Abbadon,F,1L,L,1,1623.13,353.706,30,87
1LF-Baraqiel,F,1L,L,1,2157.4,521.112,4,109
1LF-Cassiel,F,1L,L,1,2270.67,551.836,14,111
1LM-Asmodeus,M,1L,L,1,2006.13,484.579,116,217
1LM-Beelzebub,M,1L,L,1,432.593,322.733,11,190
2CF-Astros,F,2C,C,0,2266.72,459.231,54,242
2CF-Braves,F,2C,C,0,2750.66,417.788,14,159
2CF-Cubs,F,2C,C,0,1208.73,410.081,35,5
2CM-Avalanche,M,2C,C,0,2061.75,488.208,16,63
2CM-Blues,M,2C,C,0,1987.51,369.833,47,274
2CM-Capitals,M,2C,C,0,2496.69,447.412,8,8
2HF-Apex,F,2H,H,1,NA,,24,44
2HF-Battlefield,F,2H,H,1,NA,,24,228
2HF-Cod,F,2H,H,1,2439.64,306,43,600
2HM-Banjo-Kazooie,M,2H,H,1,NA,,17,92
2HM-Castlevania,M,2H,H,1,NA,,5,86
2LM-Accordian,M,2L,L,1,2417.02,486.819,21,29
2LF-Bassoon,F,2L,L,1,3198.48,287.958,11,285
2LF-Clarinet,F,2L,L,1,1212.51,284.039,21,247
2LF-Autoharp,F,2L,L,1,2173.61,471.213,54,124
2LM-Bass,M,2L,L,1,1850.67,428.375,37,600
2LM-Cello,M,2L,L,1,2294.34,277.604,13,103
3CF-Armin,F,3C,C,0,2703.67,329.347,90,58
3CF-Bertholdt,F,3C,C,0,3743.26,388.753,38,19
3CF-Connie,F,3C,C,0,2431.19,485.822,89,92
3CM- Dio,M,3C,C,0,1927.54,478.426,50,6
3CM-Avdol,M,3C,C,0,2430.36,413.44,39,71
3CM-Bruno,M,3C,C,0,2104.79,393.865,NA,NA
3CM-Caesar,M,3C,C,0,1607.74,235.831,28,22
3HF-Azure,F,3H,H,1,2936.7,404.401,155,600
3HF-Blue,F,3H,H,1,NA,,88,70
3HF-Cerulean,F,3H,H,1,4361.33,486.933,54,108
3HM-Auburn,M,3H,H,1,3388.35,170.211,89,496
3HM-Brown,M,3H,H,1,1449.87,386.326,31,5
3LF-Acacia,F,3L,L,1,2225.75,443.765,11,600
3LF-Baobab,F,3L,L,1,1102.79,397.636,71,72
3LF-Cedar,F,3L,L,1,2312.87,451.719,18,89
3LM-Aconite,M,3L,L,1,2758.01,457.528,NA,NA
3LM-BlueBonet,M,3L,L,1,422.898,6.09231,45,22
4CF-Albali,F,4C,C,0,3005.66,363.946,11,114
4CF-Bellatrix,F,4C,C,0,1096.01,549.176,2,241
4CF-Castor,F,4C,C,0,2313.44,514.041,6,50
4CM-Andromeda,M,4C,C,0,1973.1,479.976,NA,NA
4CM-Blackeye,M,4C,C,0,1691.61,427.059,40,24
4HF-ArianaGrande,F,4H,H,1,1794.7,423.222,2,600
4HF-Beyonce,F,4H,H,1,1296.61,534.925,26,57
4HF-ChappellRoan,F,4H,H,1,1698.21,495.501,21,27
4HM-ABBA,M,4H,H,1,2251.8,389.711,23,90
4HM-Beatles,M,4H,H,1,1843.02,465.66,18,4
4HM-Coldplay,M,4H,H,1,1640.9,466.736,41,19
4LF-Arabic,F,4L,L,1,2473.73,435.172,25,600
4LF-Bangla,F,4L,L,1,1516.24,431.489,7,600
4LF-Cantonese,F,4L,L,1,3571.32,442.014,10,4
4LM-Assembly,M,4L,L,1,1459.16,421.486,24,528
5CF-Ammonia,F,5C,C,0,1829.6,235.75,17,6
5CM-Aluminium,M,5C,C,0,1367.37,345.71,25,14
5CM-Boron,M,5C,C,0,2068.19,148.223,9,70
5HF-An,F,5H,H,1,NA,,46,57
5HF-Bilal,F,5H,H,1,1553.59,307.29,225,209
5HF-Casey,F,5H,H,1,1706.21,152.884,4,76
5HM-Archery,M,5H,H,1,NA,,25,62
5HM-Boxing,M,5H,H,1,NA,,NA,NA
5HM-Canoeing,M,5H,H,1,NA,,NA,NA
5HM-Diving,M,5H,H,1,1018.42,124.198,NA,NA
5LF-Aigna,F,5L,L,1,1935.73,500.339,20,91
5LF-Bala,F,5L,L,1,2411.53,434.761,14,26
5LF-Ceron,F,5L,L,1,1887.4,410.934,54,217
5LM-Arun,M,5L,L,1,1130.08,457.581,103,379
5LM-Braern,M,5L,L,1,NA,,12,211
5LM-Corym,M,5L,L,1,1836.14,433.879,40,600
6CF-Avocet,F,6C,C,0,1168.27,529.826,65,255
6CF-Bulbul,F,6C,C,0,2305.23,398.933,38,600
6CF-Coot,F,6C,C,0,1327.65,464.416,26,431
6CM-Armadillo,M,6C,C,0,965.575,332.014,62,24
6CM-Bear,M,6C,C,0,1175.93,498.783,1,98
6HF-Arboliva,F,6H,H,1,NA,,24,20
6HF-Bellsprout,F,6H,H,1,NA,,NA,NA
6HF-Chikorita,F,6H,H,1,NA,,NA,NA
6HM-Arrokuda,M,6H,H,1,NA,,50,111
6HM-Blastoise,M,6H,H,1,NA,,NA,NA
6HM-Chewtle,M,6H,H,1,NA,,42,50
6HM-Dewgong,M,6H,H,1,NA,,39,175
6LF-Ant,F,6L,L,1,1824.31,450.028,17,33
6LF-Bee,F,6L,L,1,1918.94,445.733,20,98
6LF-Cricket,F,6L,L,1,1511.43,506.861,103,86
6LM-Anchovy,M,6L,L,1,1236.83,306.085,26,8
7CM-Aarakocra,M,7C,C,0,3308.16,366.029,73,600
7CF-Arcadia,F,7C,C,0,2049.29,460.136,35,17
7CF-Bytopia,F,7C,C,0,148.211,557.371,NA,NA
7CF-Carceri,F,7C,C,0,2294.19,532.229,NA,NA
7CM-Bugbear,M,7C,C,0,2000.72,502.461,136,6
7HF-Aperture,F,7H,H,1,3598.39,295.269,3,126
7HF-Bitmap,F,7H,H,1,1877.5,284.485,30,317
7HF-Chromatic,F,7H,H,1,NA,,3,102
7HM-Collage,M,7H,H,1,1706.03,457.728,NA,NA
7HM-Acrylic,M,7H,H,1,788.866,299.827,NA,NA
7HM-Baroque,M,7H,H,1,403.755,600,NA,NA
7LF-Akali,F,7L,L,1,2701.33,509.855,46,12
7LF-Briar,F,7L,L,1,1870.06,433.091,36,20
7LM-Azir,M,7L,L,1,1268.29,172.928,21,280
7LM-Braum,M,7L,L,1,1251.79,337.094,24,600
8CF-Arcanine,F,8C,C,0,1969.24,508.696,29,8
8CF-Braixen,F,8C,C,0,1124.75,472.539,11,11
8CF-Charmander,F,8C,C,0,2322.46,343.294,14,600
8CM-Abra,M,8C,C,0,1308.61,369.722,25,600
8LF-Agatha,F,8L,L,1,1220.75,435.786,9,247
8LF-Brimsley,F,8L,L,1,2669.01,420.299,16,211
8LF-Charlotte,F,8L,L,1,2775.73,435.786,12,427
8LM-Anthony,M,8L,L,1,2187.14,482.133,20,371
8LM-Benedict,M,8L,L,1,1695.29,506.525,89,267
8LM-Colin,M,8L,L,1,2870.96,459.737,5,5
9CF-Abigail,F,9C,C,0,2565.12,394.985,NA,NA
9CF-Barbara,F,9C,C,0,NA,,80,95
9CF-Claudia,F,9C,C,0,2307.1,466.695,23,9
9CM-Andrew,M,9C,C,0,1183.1,354.823,13,27
9CM-Bill,M,9C,C,0,1156.41,500.379,40,289
9CM-Chester,M,9C,C,0,NA,,19,11
9CM-Donald,M,9C,C,0,921.132,597.889,10,11
9LF-Amber,F,9L,L,1,1818,490.577,46,124
9LF-Bloodstone,F,9L,L,1,2504.88,377.152,21,231
9LF-Carnelian,F,9L,L,1,1302.3,534.719,73,35
9LM-Amethyst,M,9L,L,1,2324.03,401.639,33,92
9LM-Barite,M,9L,L,1,1680.29,484.144,98,97
9LM-Citrine,M,9L,L,1,1397.44,411.884,38,89
